"계약종별 전력사용량 월별( 20220804 현재 )","","","","","","",""
"시도 : 서울특별시, 시군구 : 전체(시 / 군 / 구)","","","","","","",""
"기간 : 2014년 01 월 ~ 2014년 06월","","","","","","",""
"년월","시구","시군구","계약구분","고객호수(호)","사용량(kWh)","전기요금(원)","평균판매단가(원/kWh)"
"201401","서울특별시","전체(시 / 군 / 구)","주택용","2,629,638 ","1,187,067,950 ","164,730,814,861 ","138.8 "
"201401","서울특별시","전체(시 / 군 / 구)","일반용","527,799 ","2,282,315,396 ","299,673,221,064 ","131.3 "
"201401","서울특별시","전체(시 / 군 / 구)","교육용","2,573 ","162,796,405 ","17,781,771,565 ","109.2 "
"201401","서울특별시","전체(시 / 군 / 구)","산업용","45,686 ","444,682,227 ","51,966,122,164 ","116.9 "
"201401","서울특별시","전체(시 / 군 / 구)","농사용","1,879 ","1,623,978 ","78,355,151 ","48.2 "
"201401","서울특별시","전체(시 / 군 / 구)","가로등","175,521 ","35,975,413 ","3,700,211,372 ","102.9 "
"201401","서울특별시","전체(시 / 군 / 구)","심 야","19,510 ","41,112,213 ","3,309,772,420 ","80.5 "
"201402","서울특별시","전체(시 / 군 / 구)","주택용","2,632,295 ","1,174,713,281 ","161,928,152,064 ","137.8 "
"201402","서울특별시","전체(시 / 군 / 구)","일반용","527,687 ","2,146,410,552 ","286,282,336,824 ","133.4 "
"201402","서울특별시","전체(시 / 군 / 구)","교육용","2,597 ","152,311,413 ","16,848,078,837 ","110.6 "
"201402","서울특별시","전체(시 / 군 / 구)","산업용","45,756 ","426,308,679 ","50,478,900,200 ","118.4 "
"201402","서울특별시","전체(시 / 군 / 구)","농사용","1,876 ","1,586,004 ","80,056,228 ","50.5 "
"201402","서울특별시","전체(시 / 군 / 구)","가로등","175,612 ","33,833,964 ","3,636,472,729 ","107.5 "
"201402","서울특별시","전체(시 / 군 / 구)","심 야","19,462 ","39,806,649 ","3,214,142,493 ","80.7 "
"201403","서울특별시","전체(시 / 군 / 구)","주택용","2,635,553 ","1,029,038,500 ","125,909,727,968 ","122.4 "
"201403","서울특별시","전체(시 / 군 / 구)","일반용","527,567 ","1,918,287,239 ","232,193,908,171 ","121.0 "
"201403","서울특별시","전체(시 / 군 / 구)","교육용","2,615 ","134,368,862 ","13,537,416,744 ","100.7 "
"201403","서울특별시","전체(시 / 군 / 구)","산업용","45,791 ","401,914,864 ","42,468,373,833 ","105.7 "
"201403","서울특별시","전체(시 / 군 / 구)","농사용","2,072 ","1,389,595 ","66,938,142 ","48.2 "
"201403","서울특별시","전체(시 / 군 / 구)","가로등","175,774 ","30,849,277 ","3,355,538,510 ","108.8 "
"201403","서울특별시","전체(시 / 군 / 구)","심 야","19,413 ","32,070,659 ","2,311,540,649 ","72.1 "
"201404","서울특별시","전체(시 / 군 / 구)","주택용","2,639,055 ","1,066,274,547 ","133,178,041,553 ","124.9 "
"201404","서울특별시","전체(시 / 군 / 구)","일반용","527,792 ","1,820,400,391 ","206,899,089,346 ","113.7 "
"201404","서울특별시","전체(시 / 군 / 구)","교육용","2,620 ","120,097,168 ","11,676,177,745 ","97.2 "
"201404","서울특별시","전체(시 / 군 / 구)","산업용","45,812 ","401,064,413 ","39,775,795,562 ","99.2 "
"201404","서울특별시","전체(시 / 군 / 구)","농사용","1,881 ","1,309,320 ","63,741,637 ","48.7 "
"201404","서울특별시","전체(시 / 군 / 구)","가로등","175,735 ","29,462,653 ","3,335,754,309 ","113.2 "
"201404","서울특별시","전체(시 / 군 / 구)","심 야","19,326 ","27,579,008 ","1,877,935,400 ","68.1 "
"201405","서울특별시","전체(시 / 군 / 구)","주택용","2,642,048 ","1,004,895,714 ","120,699,069,726 ","120.1 "
"201405","서울특별시","전체(시 / 군 / 구)","일반용","527,634 ","1,756,379,717 ","201,640,580,489 ","114.8 "
"201405","서울특별시","전체(시 / 군 / 구)","교육용","2,624 ","103,098,326 ","10,624,682,066 ","103.1 "
"201405","서울특별시","전체(시 / 군 / 구)","산업용","45,960 ","380,016,583 ","38,747,808,563 ","102.0 "
"201405","서울특별시","전체(시 / 군 / 구)","농사용","1,894 ","1,250,539 ","62,025,114 ","49.6 "
"201405","서울특별시","전체(시 / 군 / 구)","가로등","175,871 ","27,121,795 ","3,166,066,887 ","116.7 "
"201405","서울특별시","전체(시 / 군 / 구)","심 야","19,220 ","32,264,885 ","2,346,941,607 ","72.7 "
"201406","서울특별시","전체(시 / 군 / 구)","주택용","2,645,336 ","1,058,558,959 ","135,003,955,743 ","127.5 "
"201406","서울특별시","전체(시 / 군 / 구)","일반용","527,957 ","1,995,690,041 ","260,070,816,527 ","130.3 "
"201406","서울특별시","전체(시 / 군 / 구)","교육용","2,633 ","116,942,611 ","13,648,960,165 ","116.7 "
"201406","서울특별시","전체(시 / 군 / 구)","산업용","45,983 ","403,882,922 ","47,163,472,305 ","116.8 "
"201406","서울특별시","전체(시 / 군 / 구)","농사용","1,903 ","1,297,459 ","66,443,886 ","51.2 "
"201406","서울특별시","전체(시 / 군 / 구)","가로등","175,933 ","25,771,471 ","3,105,097,666 ","120.5 "
"201406","서울특별시","전체(시 / 군 / 구)","심 야","19,149 ","47,074,358 ","3,461,566,617 ","73.5 "
"합계","","","","20,463,042","22,098,896,000","2,720,165,874,902","123.1"
"","","","","","","",""
"년월","시구","시군구","계약구분","고객호수(호)","사용량(kWh)","전기요금(원)","평균판매단가(원/kWh)"
"201401","서울특별시","강남구","가로등","12,007 ","2,580,858 ","266,391,561 ","103.2 "
"201401","서울특별시","강남구","교육용","126 ","4,333,182 ","529,941,790 ","122.3 "
"201401","서울특별시","강남구","농사용","194 ","153,859 ","7,714,187 ","50.1 "
"201401","서울특별시","강남구","산업용","1,025 ","19,304,471 ","2,195,400,946 ","113.7 "
"201401","서울특별시","강남구","심 야","1,052 ","2,308,582 ","195,333,476 ","84.6 "
"201401","서울특별시","강남구","일반용","47,781 ","319,929,448 ","42,154,189,118 ","131.8 "
"201401","서울특별시","강남구","주택용","134,908 ","74,732,657 ","11,645,867,664 ","155.8 "
"201401","서울특별시","강남구","합계","197,093 ","423,343,057 ","56,994,838,742 ","134.6 "
"201401","서울특별시","강동구","가로등","969 ","1,319,775 ","136,233,213 ","103.2 "
"201401","서울특별시","강동구","교육용","106 ","3,210,567 ","399,665,161 ","124.5 "
"201401","서울특별시","강동구","농사용","516 ","341,536 ","16,292,308 ","47.7 "
"201401","서울특별시","강동구","산업용","1,237 ","14,080,609 ","1,472,521,849 ","104.6 "
"201401","서울특별시","강동구","심 야","521 ","1,151,304 ","89,975,166 ","78.2 "
"201401","서울특별시","강동구","일반용","19,679 ","66,598,546 ","8,788,677,366 ","132 "
"201401","서울특별시","강동구","주택용","104,282 ","51,283,267 ","7,021,133,313 ","136.9 "
"201401","서울특별시","강동구","합계","127,310 ","137,985,604 ","17,924,498,376 ","129.9 "
"201401","서울특별시","강북구","가로등","2,159 ","705,481 ","66,377,130 ","94.1 "
"201401","서울특별시","강북구","교육용","76 ","2,589,879 ","301,731,239 ","116.5 "
"201401","서울특별시","강북구","농사용","9 ","5,884 ","275,748 ","46.9 "
"201401","서울특별시","강북구","산업용","1,464 ","4,389,803 ","516,326,641 ","117.6 "
"201401","서울특별시","강북구","심 야","817 ","1,541,328 ","117,209,758 ","76 "
"201401","서울특별시","강북구","일반용","15,659 ","39,578,607 ","5,181,407,718 ","130.9 "
"201401","서울특별시","강북구","주택용","108,521 ","36,300,978 ","4,863,014,299 ","134 "
"201401","서울특별시","강북구","합계","128,705 ","85,111,960 ","11,046,342,533 ","129.8 "
"201401","서울특별시","강서구","가로등","9,314 ","1,673,664 ","176,316,376 ","105.3 "
"201401","서울특별시","강서구","교육용","147 ","4,004,949 ","485,033,504 ","121.1 "
"201401","서울특별시","강서구","농사용","169 ","331,018 ","16,087,755 ","48.6 "
"201401","서울특별시","강서구","산업용","995 ","23,787,274 ","2,579,438,321 ","108.4 "
"201401","서울특별시","강서구","심 야","772 ","1,249,356 ","95,806,330 ","76.7 "
"201401","서울특별시","강서구","일반용","22,064 ","90,491,042 ","11,768,117,813 ","130 "
"201401","서울특별시","강서구","주택용","155,409 ","62,409,700 ","8,353,882,557 ","133.9 "
"201401","서울특별시","강서구","합계","188,870 ","183,947,003 ","23,474,682,656 ","127.6 "
"201401","서울특별시","관악구","가로등","11,453 ","935,493 ","92,995,320 ","99.4 "
"201401","서울특별시","관악구","교육용","104 ","19,567,111 ","1,944,150,769 ","99.4 "
"201401","서울특별시","관악구","농사용","10 ","5,826 ","263,807 ","45.3 "
"201401","서울특별시","관악구","산업용","1,234 ","4,775,688 ","579,182,809 ","121.3 "
"201401","서울특별시","관악구","심 야","1,398 ","2,068,243 ","159,778,117 ","77.3 "
"201401","서울특별시","관악구","일반용","24,699 ","69,291,445 ","8,971,481,338 ","129.5 "
"201401","서울특별시","관악구","주택용","194,645 ","57,311,785 ","7,224,763,052 ","126.1 "
"201401","서울특별시","관악구","합계","233,543 ","153,955,591 ","18,972,615,212 ","123.2 "
"201401","서울특별시","광진구","가로등","719 ","1,127,606 ","117,656,649 ","104.3 "
"201401","서울특별시","광진구","교육용","84 ","7,630,204 ","798,593,206 ","104.7 "
"201401","서울특별시","광진구","농사용","6 ","27,588 ","1,174,977 ","42.6 "
"201401","서울특별시","광진구","산업용","1,570 ","33,773,658 ","3,839,160,443 ","113.7 "
"201401","서울특별시","광진구","심 야","1,296 ","1,445,660 ","117,886,594 ","81.5 "
"201401","서울특별시","광진구","일반용","20,013 ","60,139,636 ","7,883,249,064 ","131.1 "
"201401","서울특별시","광진구","주택용","129,431 ","41,779,626 ","5,801,269,335 ","138.9 "
"201401","서울특별시","광진구","합계","153,119 ","145,923,978 ","18,558,990,268 ","127.2 "
"201401","서울특별시","구로구","가로등","9,585 ","1,266,254 ","131,791,165 ","104.1 "
"201401","서울특별시","구로구","교육용","107 ","3,277,664 ","402,128,721 ","122.7 "
"201401","서울특별시","구로구","농사용","78 ","26,814 ","1,349,419 ","50.3 "
"201401","서울특별시","구로구","산업용","1,828 ","33,950,260 ","3,945,961,807 ","116.2 "
"201401","서울특별시","구로구","심 야","507 ","1,231,438 ","98,954,071 ","80.4 "
"201401","서울특별시","구로구","일반용","17,225 ","81,949,913 ","10,886,795,339 ","132.8 "
"201401","서울특별시","구로구","주택용","92,521 ","51,129,837 ","6,712,891,471 ","131.3 "
"201401","서울특별시","구로구","합계","121,851 ","172,832,180 ","22,179,871,993 ","128.3 "
"201401","서울특별시","금천구","가로등","6,258 ","794,214 ","80,909,839 ","101.9 "
"201401","서울특별시","금천구","교육용","53 ","1,560,334 ","197,558,127 ","126.6 "
"201401","서울특별시","금천구","농사용","4 ","46,764 ","2,106,760 ","45.1 "
"201401","서울특별시","금천구","산업용","2,359 ","32,084,606 ","4,134,089,759 ","128.8 "
"201401","서울특별시","금천구","심 야","340 ","646,971 ","57,846,409 ","89.4 "
"201401","서울특별시","금천구","일반용","12,868 ","87,855,731 ","11,529,742,483 ","131.2 "
"201401","서울특별시","금천구","주택용","66,486 ","26,181,687 ","3,355,994,622 ","128.2 "
"201401","서울특별시","금천구","합계","88,368 ","149,170,307 ","19,358,247,999 ","129.8 "
"201401","서울특별시","노원구","가로등","6,768 ","1,556,031 ","164,619,610 ","105.8 "
"201401","서울특별시","노원구","교육용","191 ","11,701,662 ","1,284,030,289 ","109.7 "
"201401","서울특별시","노원구","농사용","28 ","8,552 ","473,718 ","55.4 "
"201401","서울특별시","노원구","산업용","898 ","6,819,084 ","858,012,265 ","125.8 "
"201401","서울특별시","노원구","심 야","384 ","1,470,718 ","112,823,047 ","76.7 "
"201401","서울특별시","노원구","일반용","14,494 ","57,656,381 ","7,555,220,599 ","131 "
"201401","서울특별시","노원구","주택용","82,048 ","61,863,267 ","7,651,675,095 ","123.7 "
"201401","서울특별시","노원구","합계","104,811 ","141,075,695 ","17,626,854,623 ","124.9 "
"201401","서울특별시","도봉구","가로등","6,531 ","853,540 ","86,988,862 ","101.9 "
"201401","서울특별시","도봉구","교육용","93 ","3,439,758 ","396,800,178 ","115.4 "
"201401","서울특별시","도봉구","농사용","55 ","19,796 ","1,282,875 ","64.8 "
"201401","서울특별시","도봉구","산업용","1,070 ","6,480,473 ","726,317,039 ","112.1 "
"201401","서울특별시","도봉구","심 야","472 ","1,055,768 ","82,103,450 ","77.8 "
"201401","서울특별시","도봉구","일반용","11,773 ","33,781,253 ","4,440,815,293 ","131.5 "
"201401","서울특별시","도봉구","주택용","73,095 ","39,246,968 ","5,229,710,440 ","133.3 "
"201401","서울특별시","도봉구","합계","93,089 ","84,877,556 ","10,964,018,137 ","129.2 "
"201401","서울특별시","동대문구","가로등","10,884 ","1,240,608 ","124,070,970 ","100 "
"201401","서울특별시","동대문구","교육용","90 ","8,403,781 ","880,340,820 ","104.8 "
"201401","서울특별시","동대문구","농사용","4 ","2,277 ","104,193 ","45.8 "
"201401","서울특별시","동대문구","산업용","2,836 ","14,720,417 ","1,759,980,391 ","119.6 "
"201401","서울특별시","동대문구","심 야","761 ","1,411,097 ","112,310,786 ","79.6 "
"201401","서울특별시","동대문구","일반용","24,058 ","62,998,542 ","8,406,465,561 ","133.4 "
"201401","서울특별시","동대문구","주택용","106,346 ","44,107,912 ","5,943,635,568 ","134.8 "
"201401","서울특별시","동대문구","합계","144,979 ","132,884,634 ","17,226,908,289 ","129.6 "
"201401","서울특별시","동작구","가로등","10,505 ","1,177,069 ","117,050,868 ","99.4 "
"201401","서울특별시","동작구","교육용","78 ","7,513,073 ","787,962,781 ","104.9 "
"201401","서울특별시","동작구","농사용","3 ","3,748 ","162,361 ","43.3 "
"201401","서울특별시","동작구","산업용","569 ","5,293,157 ","634,724,950 ","119.9 "
"201401","서울특별시","동작구","심 야","739 ","1,330,282 ","108,590,304 ","81.6 "
"201401","서울특별시","동작구","일반용","16,338 ","53,796,055 ","6,968,936,631 ","129.5 "
"201401","서울특별시","동작구","주택용","120,480 ","45,358,546 ","6,131,620,317 ","135.2 "
"201401","서울특별시","동작구","합계","148,712 ","114,471,930 ","14,749,048,212 ","128.8 "
"201401","서울특별시","마포구","가로등","10,321 ","1,737,509 ","177,141,532 ","102 "
"201401","서울특별시","마포구","교육용","98 ","5,648,637 ","609,879,908 ","108 "
"201401","서울특별시","마포구","농사용","11 ","14,788 ","679,880 ","46 "
"201401","서울특별시","마포구","산업용","1,360 ","11,574,410 ","1,477,258,040 ","127.6 "
"201401","서울특별시","마포구","심 야","591 ","2,250,970 ","169,205,748 ","75.2 "
"201401","서울특별시","마포구","일반용","26,089 ","103,413,086 ","13,459,655,793 ","130.2 "
"201401","서울특별시","마포구","주택용","110,163 ","49,187,415 ","6,687,119,946 ","136 "
"201401","서울특별시","마포구","합계","148,633 ","173,826,815 ","22,580,940,847 ","129.9 "
"201401","서울특별시","서대문구","가로등","692 ","991,684 ","100,930,413 ","101.8 "
"201401","서울특별시","서대문구","교육용","94 ","16,024,763 ","1,645,363,191 ","102.7 "
"201401","서울특별시","서대문구","농사용","4 ","3,783 ","137,217 ","36.3 "
"201401","서울특별시","서대문구","산업용","702 ","2,979,973 ","387,125,843 ","129.9 "
"201401","서울특별시","서대문구","심 야","901 ","1,219,316 ","97,192,271 ","79.7 "
"201401","서울특별시","서대문구","일반용","15,938 ","51,659,538 ","6,827,102,485 ","132.2 "
"201401","서울특별시","서대문구","주택용","97,830 ","36,455,166 ","5,021,185,362 ","137.7 "
"201401","서울특별시","서대문구","합계","116,161 ","109,334,223 ","14,079,036,782 ","128.8 "
"201401","서울특별시","서초구","가로등","9,760 ","2,535,964 ","267,072,090 ","105.3 "
"201401","서울특별시","서초구","교육용","93 ","4,799,306 ","562,286,581 ","117.2 "
"201401","서울특별시","서초구","농사용","562 ","381,258 ","17,912,312 ","47 "
"201401","서울특별시","서초구","산업용","855 ","51,588,667 ","5,828,255,248 ","113 "
"201401","서울특별시","서초구","심 야","808 ","1,550,271 ","129,027,993 ","83.2 "
"201401","서울특별시","서초구","일반용","29,392 ","194,535,185 ","25,417,060,958 ","130.7 "
"201401","서울특별시","서초구","주택용","80,760 ","59,258,137 ","9,658,599,240 ","163 "
"201401","서울특별시","서초구","합계","122,230 ","314,648,788 ","41,880,214,422 ","133.1 "
"201401","서울특별시","성동구","가로등","8,130 ","1,285,120 ","134,899,778 ","105 "
"201401","서울특별시","성동구","교육용","70 ","6,624,160 ","718,295,289 ","108.4 "
"201401","서울특별시","성동구","농사용","1 ","98 ","7,187 ","73.3 "
"201401","서울특별시","성동구","산업용","4,578 ","67,115,627 ","7,599,449,012 ","113.2 "
"201401","서울특별시","성동구","심 야","420 ","839,921 ","65,221,659 ","77.7 "
"201401","서울특별시","성동구","일반용","15,482 ","58,216,831 ","7,719,894,643 ","132.6 "
"201401","서울특별시","성동구","주택용","65,681 ","35,775,299 ","4,808,726,361 ","134.4 "
"201401","서울특별시","성동구","합계","94,362 ","169,857,056 ","21,046,493,929 ","123.9 "
"201401","서울특별시","성북구","가로등","1,088 ","1,565,668 ","157,722,871 ","100.7 "
"201401","서울특별시","성북구","교육용","129 ","14,862,976 ","1,556,620,556 ","104.7 "
"201401","서울특별시","성북구","농사용","13 ","9,578 ","435,118 ","45.4 "
"201401","서울특별시","성북구","산업용","2,382 ","8,865,641 ","1,071,940,265 ","120.9 "
"201401","서울특별시","성북구","심 야","1,917 ","3,772,271 ","292,092,757 ","77.4 "
"201401","서울특별시","성북구","일반용","21,019 ","51,955,199 ","6,911,642,377 ","133 "
"201401","서울특별시","성북구","주택용","124,508 ","55,418,201 ","7,882,909,815 ","142.2 "
"201401","서울특별시","성북구","합계","151,056 ","136,449,534 ","17,873,363,759 ","131 "
"201401","서울특별시","송파구","가로등","1,236 ","2,045,137 ","218,270,118 ","106.7 "
"201401","서울특별시","송파구","교육용","139 ","5,404,398 ","650,171,511 ","120.3 "
"201401","서울특별시","송파구","농사용","87 ","201,379 ","9,551,548 ","47.4 "
"201401","서울특별시","송파구","산업용","1,123 ","15,928,004 ","1,787,809,182 ","112.2 "
"201401","서울특별시","송파구","심 야","720 ","1,548,885 ","125,078,322 ","80.8 "
"201401","서울특별시","송파구","일반용","28,221 ","121,681,327 ","16,103,739,046 ","132.3 "
"201401","서울특별시","송파구","주택용","139,241 ","76,417,950 ","10,916,413,536 ","142.9 "
"201401","서울특별시","송파구","합계","170,767 ","223,227,080 ","29,811,033,263 ","133.5 "
"201401","서울특별시","양천구","가로등","8,083 ","1,546,963 ","159,777,497 ","103.3 "
"201401","서울특별시","양천구","교육용","112 ","3,476,926 ","424,242,438 ","122 "
"201401","서울특별시","양천구","농사용","19 ","8,054 ","577,529 ","71.7 "
"201401","서울특별시","양천구","산업용","1,043 ","4,616,058 ","632,953,687 ","137.1 "
"201401","서울특별시","양천구","심 야","367 ","615,357 ","63,110,228 ","102.6 "
"201401","서울특별시","양천구","일반용","16,585 ","70,774,872 ","8,973,486,768 ","126.8 "
"201401","서울특별시","양천구","주택용","96,412 ","56,123,683 ","7,697,168,388 ","137.1 "
"201401","서울특별시","양천구","합계","122,621 ","137,161,913 ","17,951,316,535 ","130.9 "
"201401","서울특별시","영등포구","가로등","10,386 ","2,168,514 ","224,787,659 ","103.7 "
"201401","서울특별시","영등포구","교육용","92 ","2,618,194 ","312,466,835 ","119.3 "
"201401","서울특별시","영등포구","농사용","4 ","5,065 ","215,373 ","42.5 "
"201401","서울특별시","영등포구","산업용","3,587 ","22,885,459 ","2,802,816,511 ","122.5 "
"201401","서울특별시","영등포구","심 야","570 ","2,066,062 ","182,969,756 ","88.6 "
"201401","서울특별시","영등포구","일반용","24,068 ","155,378,439 ","20,455,434,988 ","131.6 "
"201401","서울특별시","영등포구","주택용","92,386 ","50,611,660 ","6,773,042,345 ","133.8 "
"201401","서울특별시","영등포구","합계","131,093 ","235,733,393 ","30,751,733,467 ","130.5 "
"201401","서울특별시","용산구","가로등","10,415 ","1,539,643 ","155,642,198 ","101.1 "
"201401","서울특별시","용산구","교육용","74 ","5,136,632 ","566,185,225 ","110.2 "
"201401","서울특별시","용산구","농사용","1 ","317 ","15,103 ","47.6 "
"201401","서울특별시","용산구","산업용","1,060 ","8,539,949 ","1,005,760,724 ","117.8 "
"201401","서울특별시","용산구","심 야","484 ","1,078,960 ","86,236,252 ","79.9 "
"201401","서울특별시","용산구","일반용","15,706 ","71,420,192 ","9,169,945,687 ","128.4 "
"201401","서울특별시","용산구","주택용","76,245 ","35,752,122 ","5,659,783,294 ","158.3 "
"201401","서울특별시","용산구","합계","103,985 ","123,467,815 ","16,643,568,483 ","134.8 "
"201401","서울특별시","은평구","가로등","11,106 ","1,249,215 ","121,471,477 ","97.2 "
"201401","서울특별시","은평구","교육용","124 ","3,455,001 ","430,436,989 ","124.6 "
"201401","서울특별시","은평구","농사용","43 ","12,134 ","826,222 ","68.1 "
"201401","서울특별시","은평구","산업용","858 ","14,179,939 ","1,611,494,825 ","113.6 "
"201401","서울특별시","은평구","심 야","908 ","1,712,768 ","131,686,079 ","76.9 "
"201401","서울특별시","은평구","일반용","19,976 ","45,722,515 ","6,077,531,415 ","132.9 "
"201401","서울특별시","은평구","주택용","155,263 ","54,044,713 ","7,573,917,345 ","140.1 "
"201401","서울특별시","은평구","합계","188,278 ","120,376,285 ","15,947,364,352 ","132.5 "
"201401","서울특별시","종로구","가로등","700 ","1,123,389 ","121,033,080 ","107.7 "
"201401","서울특별시","종로구","교육용","133 ","9,364,161 ","987,495,349 ","105.5 "
"201401","서울특별시","종로구","농사용","8 ","2,074 ","103,879 ","50.1 "
"201401","서울특별시","종로구","산업용","2,708 ","6,403,570 ","775,856,395 ","121.2 "
"201401","서울특별시","종로구","심 야","1,695 ","5,172,249 ","411,155,478 ","79.5 "
"201401","서울특별시","종로구","일반용","24,887 ","112,558,210 ","14,926,644,558 ","132.6 "
"201401","서울특별시","종로구","주택용","60,030 ","23,927,779 ","3,655,361,710 ","152.8 "
"201401","서울특별시","종로구","합계","90,161 ","158,551,432 ","20,877,650,449 ","131.7 "
"201401","서울특별시","중구","가로등","6,675 ","1,778,896 ","183,243,304 ","103 "
"201401","서울특별시","중구","교육용","79 ","5,238,462 ","563,699,442 ","107.6 "
"201401","서울특별시","중구","산업용","5,845 ","23,293,538 ","2,880,579,707 ","123.7 "
"201401","서울특별시","중구","심 야","407 ","1,332,948 ","125,237,599 ","94 "
"201401","서울특별시","중구","일반용","24,553 ","176,427,394 ","23,267,145,304 ","131.9 "
"201401","서울특별시","중구","주택용","38,030 ","17,158,652 ","2,485,462,606 ","144.9 "
"201401","서울특별시","중구","합계","75,589 ","225,229,890 ","29,505,367,962 ","131 "
"201401","서울특별시","중랑구","가로등","9,777 ","1,177,118 ","116,817,792 ","99.2 "
"201401","서울특별시","중랑구","교육용","81 ","2,910,625 ","346,691,666 ","119.1 "
"201401","서울특별시","중랑구","농사용","50 ","11,788 ","605,675 ","51.4 "
"201401","서울특별시","중랑구","산업용","2,500 ","7,251,892 ","863,705,505 ","119.1 "
"201401","서울특별시","중랑구","심 야","663 ","1,041,488 ","82,940,770 ","79.6 "
"201401","서울특별시","중랑구","일반용","19,232 ","44,506,009 ","5,828,838,719 ","131 "
"201401","서울특별시","중랑구","주택용","124,917 ","45,230,943 ","5,975,667,180 ","132.1 "
"201401","서울특별시","중랑구","합계","157,220 ","102,129,863 ","13,215,267,307 ","129.4 "
"201402","서울특별시","강남구","가로등","12,004 ","2,423,551 ","258,928,130 ","106.8 "
"201402","서울특별시","강남구","교육용","126 ","4,255,060 ","519,679,086 ","122.1 "
"201402","서울특별시","강남구","농사용","197 ","140,041 ","7,051,155 ","50.4 "
"201402","서울특별시","강남구","산업용","1,031 ","17,756,656 ","2,095,219,135 ","118 "
"201402","서울특별시","강남구","심 야","1,050 ","2,257,044 ","191,047,399 ","84.6 "
"201402","서울특별시","강남구","일반용","47,888 ","299,012,984 ","40,059,073,526 ","134 "
"201402","서울특별시","강남구","주택용","135,045 ","72,531,645 ","10,902,965,648 ","150.3 "
"201402","서울특별시","강남구","합계","197,341 ","398,376,981 ","54,033,964,079 ","135.6 "
"201402","서울특별시","강동구","가로등","970 ","1,211,654 ","131,188,757 ","108.3 "
"201402","서울특별시","강동구","교육용","108 ","3,123,806 ","385,788,237 ","123.5 "
"201402","서울특별시","강동구","농사용","517 ","355,345 ","17,010,378 ","47.9 "
"201402","서울특별시","강동구","산업용","1,237 ","12,630,700 ","1,374,671,997 ","108.8 "
"201402","서울특별시","강동구","심 야","519 ","1,137,867 ","88,823,429 ","78.1 "
"201402","서울특별시","강동구","일반용","19,681 ","63,249,452 ","8,451,130,429 ","133.6 "
"201402","서울특별시","강동구","주택용","104,417 ","50,786,785 ","6,925,915,312 ","136.4 "
"201402","서울특별시","강동구","합계","127,449 ","132,495,609 ","17,374,528,539 ","131.1 "
"201402","서울특별시","강북구","가로등","2,158 ","617,561 ","66,407,982 ","107.5 "
"201402","서울특별시","강북구","교육용","76 ","2,446,280 ","288,569,043 ","118 "
"201402","서울특별시","강북구","농사용","9 ","5,737 ","269,693 ","47 "
"201402","서울특별시","강북구","산업용","1,467 ","4,266,219 ","507,649,899 ","119 "
"201402","서울특별시","강북구","심 야","816 ","1,541,682 ","116,863,242 ","75.8 "
"201402","서울특별시","강북구","일반용","15,680 ","37,574,655 ","4,983,757,449 ","132.6 "
"201402","서울특별시","강북구","주택용","108,631 ","36,377,595 ","4,867,617,032 ","133.8 "
"201402","서울특별시","강북구","합계","128,837 ","82,829,729 ","10,831,134,340 ","130.8 "
"201402","서울특별시","강서구","가로등","9,332 ","1,574,035 ","171,956,631 ","109.2 "
"201402","서울특별시","강서구","교육용","147 ","3,765,550 ","464,015,705 ","123.2 "
"201402","서울특별시","강서구","농사용","167 ","291,808 ","14,416,750 ","49.4 "
"201402","서울특별시","강서구","산업용","1,006 ","21,810,378 ","2,429,095,921 ","111.4 "
"201402","서울특별시","강서구","심 야","771 ","1,226,405 ","93,569,483 ","76.3 "
"201402","서울특별시","강서구","일반용","22,044 ","85,550,019 ","11,256,423,677 ","131.6 "
"201402","서울특별시","강서구","주택용","155,521 ","62,271,271 ","8,324,622,870 ","133.7 "
"201402","서울특별시","강서구","합계","188,988 ","176,489,466 ","22,754,101,037 ","128.9 "
"201402","서울특별시","관악구","가로등","11,461 ","884,545 ","93,071,558 ","105.2 "
"201402","서울특별시","관악구","교육용","108 ","19,242,215 ","1,884,426,839 ","97.9 "
"201402","서울특별시","관악구","농사용","10 ","5,671 ","253,579 ","44.7 "
"201402","서울특별시","관악구","산업용","1,230 ","4,649,431 ","572,912,562 ","123.2 "
"201402","서울특별시","관악구","심 야","1,394 ","2,032,890 ","156,975,396 ","77.2 "
"201402","서울특별시","관악구","일반용","24,705 ","66,271,343 ","8,657,170,898 ","130.6 "
"201402","서울특별시","관악구","주택용","195,005 ","57,000,988 ","7,191,626,579 ","126.2 "
"201402","서울특별시","관악구","합계","233,913 ","150,087,083 ","18,556,437,411 ","123.6 "
"201402","서울특별시","광진구","가로등","718 ","1,071,108 ","117,974,538 ","110.1 "
"201402","서울특별시","광진구","교육용","87 ","6,931,004 ","745,615,599 ","107.6 "
"201402","서울특별시","광진구","농사용","6 ","27,278 ","1,162,587 ","42.6 "
"201402","서울특별시","광진구","산업용","1,565 ","32,582,366 ","3,699,369,287 ","113.5 "
"201402","서울특별시","광진구","심 야","1,294 ","1,399,522 ","113,035,781 ","80.8 "
"201402","서울특별시","광진구","일반용","20,018 ","56,651,499 ","7,512,562,389 ","132.6 "
"201402","서울특별시","광진구","주택용","129,607 ","41,245,444 ","5,708,323,723 ","138.4 "
"201402","서울특별시","광진구","합계","153,295 ","139,908,221 ","17,898,043,904 ","127.9 "
"201402","서울특별시","구로구","가로등","9,739 ","1,226,681 ","132,351,437 ","107.9 "
"201402","서울특별시","구로구","교육용","107 ","3,312,461 ","403,060,666 ","121.7 "
"201402","서울특별시","구로구","농사용","77 ","29,237 ","1,496,835 ","51.2 "
"201402","서울특별시","구로구","산업용","1,833 ","37,319,747 ","4,236,160,152 ","113.5 "
"201402","서울특별시","구로구","심 야","505 ","1,203,582 ","96,713,601 ","80.4 "
"201402","서울특별시","구로구","일반용","17,216 ","76,050,403 ","10,306,518,982 ","135.5 "
"201402","서울특별시","구로구","주택용","92,632 ","50,369,362 ","6,588,085,946 ","130.8 "
"201402","서울특별시","구로구","합계","122,109 ","169,511,473 ","21,764,387,619 ","128.4 "
"201402","서울특별시","금천구","가로등","6,257 ","761,444 ","81,595,359 ","107.2 "
"201402","서울특별시","금천구","교육용","53 ","1,543,188 ","193,005,367 ","125.1 "
"201402","서울특별시","금천구","농사용","4 ","48,962 ","2,198,390 ","44.9 "
"201402","서울특별시","금천구","산업용","2,362 ","30,387,682 ","3,989,937,367 ","131.3 "
"201402","서울특별시","금천구","심 야","340 ","654,367 ","58,724,343 ","89.7 "
"201402","서울특별시","금천구","일반용","12,849 ","80,717,109 ","10,846,229,845 ","134.4 "
"201402","서울특별시","금천구","주택용","66,642 ","25,899,809 ","3,303,570,774 ","127.6 "
"201402","서울특별시","금천구","합계","88,507 ","140,012,561 ","18,475,261,445 ","132 "
"201402","서울특별시","노원구","가로등","6,767 ","1,481,018 ","161,451,041 ","109 "
"201402","서울특별시","노원구","교육용","191 ","10,698,289 ","1,197,927,421 ","112 "
"201402","서울특별시","노원구","농사용","28 ","8,729 ","488,835 ","56 "
"201402","서울특별시","노원구","산업용","901 ","6,364,811 ","819,921,153 ","128.8 "
"201402","서울특별시","노원구","심 야","384 ","1,465,753 ","112,306,682 ","76.6 "
"201402","서울특별시","노원구","일반용","14,511 ","54,409,445 ","7,232,905,417 ","132.9 "
"201402","서울특별시","노원구","주택용","82,110 ","61,754,119 ","7,643,582,658 ","123.8 "
"201402","서울특별시","노원구","합계","104,892 ","136,182,164 ","17,168,583,207 ","126.1 "
"201402","서울특별시","도봉구","가로등","6,531 ","781,568 ","84,196,355 ","107.7 "
"201402","서울특별시","도봉구","교육용","93 ","3,224,062 ","372,800,112 ","115.6 "
"201402","서울특별시","도봉구","농사용","55 ","19,056 ","1,203,558 ","63.2 "
"201402","서울특별시","도봉구","산업용","1,069 ","6,037,326 ","690,082,033 ","114.3 "
"201402","서울특별시","도봉구","심 야","472 ","1,042,179 ","81,372,435 ","78.1 "
"201402","서울특별시","도봉구","일반용","11,748 ","31,974,648 ","4,255,371,065 ","133.1 "
"201402","서울특별시","도봉구","주택용","73,235 ","39,224,766 ","5,234,046,389 ","133.4 "
"201402","서울특별시","도봉구","합계","93,203 ","82,303,605 ","10,719,071,947 ","130.2 "
"201402","서울특별시","동대문구","가로등","10,887 ","1,170,474 ","123,888,844 ","105.8 "
"201402","서울특별시","동대문구","교육용","92 ","7,604,967 ","817,815,503 ","107.5 "
"201402","서울특별시","동대문구","농사용","4 ","2,742 ","122,345 ","44.6 "
"201402","서울특별시","동대문구","산업용","2,848 ","14,293,881 ","1,721,397,145 ","120.4 "
"201402","서울특별시","동대문구","심 야","759 ","1,374,304 ","109,138,242 ","79.4 "
"201402","서울특별시","동대문구","일반용","24,038 ","60,106,097 ","8,117,839,180 ","135.1 "
"201402","서울특별시","동대문구","주택용","106,515 ","43,715,310 ","5,898,401,643 ","134.9 "
"201402","서울특별시","동대문구","합계","145,143 ","128,267,775 ","16,788,602,902 ","130.9 "
"201402","서울특별시","동작구","가로등","10,493 ","1,089,332 ","114,792,384 ","105.4 "
"201402","서울특별시","동작구","교육용","80 ","6,916,583 ","735,568,212 ","106.3 "
"201402","서울특별시","동작구","농사용","3 ","3,595 ","156,151 ","43.4 "
"201402","서울특별시","동작구","산업용","567 ","4,893,665 ","596,161,002 ","121.8 "
"201402","서울특별시","동작구","심 야","736 ","1,240,532 ","100,417,577 ","80.9 "
"201402","서울특별시","동작구","일반용","16,343 ","50,631,072 ","6,640,668,710 ","131.2 "
"201402","서울특별시","동작구","주택용","120,709 ","45,559,007 ","6,154,572,474 ","135.1 "
"201402","서울특별시","동작구","합계","148,931 ","110,333,786 ","14,342,336,510 ","130 "
"201402","서울특별시","마포구","가로등","10,320 ","1,631,028 ","173,476,405 ","106.4 "
"201402","서울특별시","마포구","교육용","96 ","5,197,414 ","581,467,022 ","111.9 "
"201402","서울특별시","마포구","농사용","11 ","12,970 ","593,988 ","45.8 "
"201402","서울특별시","마포구","산업용","1,362 ","10,815,365 ","1,417,669,470 ","131.1 "
"201402","서울특별시","마포구","심 야","589 ","2,099,913 ","159,036,063 ","75.7 "
"201402","서울특별시","마포구","일반용","26,084 ","97,020,967 ","12,882,683,289 ","132.8 "
"201402","서울특별시","마포구","주택용","110,183 ","48,377,047 ","6,565,633,857 ","135.7 "
"201402","서울특별시","마포구","합계","148,645 ","165,154,704 ","21,780,560,094 ","131.9 "
"201402","서울특별시","서대문구","가로등","691 ","916,810 ","98,467,362 ","107.4 "
"201402","서울특별시","서대문구","교육용","94 ","14,258,312 ","1,510,892,253 ","106 "
"201402","서울특별시","서대문구","농사용","4 ","5,017 ","170,900 ","34.1 "
"201402","서울특별시","서대문구","산업용","704 ","2,855,754 ","376,491,607 ","131.8 "
"201402","서울특별시","서대문구","심 야","899 ","1,175,390 ","93,721,609 ","79.7 "
"201402","서울특별시","서대문구","일반용","15,904 ","48,354,775 ","6,503,347,213 ","134.5 "
"201402","서울특별시","서대문구","주택용","97,946 ","35,780,285 ","4,902,606,900 ","137 "
"201402","서울특별시","서대문구","합계","116,242 ","103,346,343 ","13,485,697,844 ","130.5 "
"201402","서울특별시","서초구","가로등","9,762 ","2,346,363 ","255,368,413 ","108.8 "
"201402","서울특별시","서초구","교육용","93 ","4,730,147 ","548,456,451 ","115.9 "
"201402","서울특별시","서초구","농사용","561 ","380,929 ","21,359,178 ","56.1 "
"201402","서울특별시","서초구","산업용","854 ","49,895,802 ","5,676,362,577 ","113.8 "
"201402","서울특별시","서초구","심 야","807 ","1,540,689 ","128,606,828 ","83.5 "
"201402","서울특별시","서초구","일반용","29,440 ","184,988,754 ","24,494,661,181 ","132.4 "
"201402","서울특별시","서초구","주택용","80,896 ","57,363,632 ","9,214,823,233 ","160.6 "
"201402","서울특별시","서초구","합계","122,413 ","301,246,316 ","40,339,637,861 ","133.9 "
"201402","서울특별시","성동구","가로등","8,131 ","1,239,499 ","134,572,743 ","108.6 "
"201402","서울특별시","성동구","교육용","70 ","6,315,824 ","697,752,582 ","110.5 "
"201402","서울특별시","성동구","농사용","1 ","107 ","7,573 ","70.8 "
"201402","서울특별시","성동구","산업용","4,596 ","63,249,120 ","7,298,269,902 ","115.4 "
"201402","서울특별시","성동구","심 야","418 ","812,369 ","63,055,304 ","77.6 "
"201402","서울특별시","성동구","일반용","15,477 ","55,045,092 ","7,418,317,839 ","134.8 "
"201402","서울특별시","성동구","주택용","65,766 ","35,489,902 ","4,743,058,432 ","133.6 "
"201402","서울특별시","성동구","합계","94,459 ","162,151,913 ","20,355,034,375 ","125.5 "
"201402","서울특별시","성북구","가로등","1,087 ","1,463,151 ","156,727,566 ","107.1 "
"201402","서울특별시","성북구","교육용","138 ","13,499,881 ","1,438,293,701 ","106.5 "
"201402","서울특별시","성북구","농사용","13 ","9,968 ","450,099 ","45.2 "
"201402","서울특별시","성북구","산업용","2,380 ","8,498,308 ","1,038,164,168 ","122.2 "
"201402","서울특별시","성북구","심 야","1,913 ","3,575,556 ","278,170,813 ","77.8 "
"201402","서울특별시","성북구","일반용","20,980 ","49,481,467 ","6,658,344,907 ","134.6 "
"201402","서울특별시","성북구","주택용","124,618 ","55,204,887 ","7,832,550,958 ","141.9 "
"201402","서울특별시","성북구","합계","151,129 ","131,733,218 ","17,402,702,212 ","132.1 "
"201402","서울특별시","송파구","가로등","1,239 ","1,936,763 ","212,865,799 ","109.9 "
"201402","서울특별시","송파구","교육용","142 ","5,293,725 ","635,443,610 ","120 "
"201402","서울특별시","송파구","농사용","86 ","193,876 ","9,260,963 ","47.8 "
"201402","서울특별시","송파구","산업용","1,122 ","14,969,900 ","1,711,937,037 ","114.4 "
"201402","서울특별시","송파구","심 야","715 ","1,486,522 ","120,640,447 ","81.2 "
"201402","서울특별시","송파구","일반용","28,199 ","115,634,502 ","15,519,800,090 ","134.2 "
"201402","서울특별시","송파구","주택용","139,325 ","76,008,441 ","10,797,056,699 ","142.1 "
"201402","서울특별시","송파구","합계","170,828 ","215,523,729 ","29,007,004,645 ","134.6 "
"201402","서울특별시","양천구","가로등","8,091 ","1,498,056 ","159,064,026 ","106.2 "
"201402","서울특별시","양천구","교육용","112 ","3,056,506 ","389,097,100 ","127.3 "
"201402","서울특별시","양천구","농사용","15 ","8,368 ","607,126 ","72.6 "
"201402","서울특별시","양천구","산업용","1,046 ","4,401,645 ","615,169,980 ","139.8 "
"201402","서울특별시","양천구","심 야","367 ","613,832 ","62,449,877 ","101.7 "
"201402","서울특별시","양천구","일반용","16,587 ","67,814,378 ","8,693,742,744 ","128.2 "
"201402","서울특별시","양천구","주택용","96,523 ","55,471,788 ","7,556,391,571 ","136.2 "
"201402","서울특별시","양천구","합계","122,741 ","132,864,573 ","17,476,522,424 ","131.5 "
"201402","서울특별시","영등포구","가로등","10,410 ","2,088,306 ","224,868,541 ","107.7 "
"201402","서울특별시","영등포구","교육용","92 ","2,528,655 ","306,231,731 ","121.1 "
"201402","서울특별시","영등포구","농사용","4 ","4,746 ","202,674 ","42.7 "
"201402","서울특별시","영등포구","산업용","3,583 ","21,213,395 ","2,659,788,932 ","125.4 "
"201402","서울특별시","영등포구","심 야","568 ","2,023,859 ","177,517,198 ","87.7 "
"201402","서울특별시","영등포구","일반용","24,016 ","143,550,841 ","19,298,979,545 ","134.4 "
"201402","서울특별시","영등포구","주택용","92,472 ","49,133,822 ","6,441,357,643 ","131.1 "
"201402","서울특별시","영등포구","합계","131,145 ","220,543,624 ","29,108,946,264 ","132 "
"201402","서울특별시","용산구","가로등","10,486 ","1,436,106 ","151,552,956 ","105.5 "
"201402","서울특별시","용산구","교육용","74 ","4,785,004 ","533,815,864 ","111.6 "
"201402","서울특별시","용산구","농사용","1 ","300 ","14,533 ","48.4 "
"201402","서울특별시","용산구","산업용","1,059 ","8,305,404 ","981,587,946 ","118.2 "
"201402","서울특별시","용산구","심 야","482 ","1,049,106 ","83,759,047 ","79.8 "
"201402","서울특별시","용산구","일반용","15,735 ","67,142,117 ","8,759,090,470 ","130.5 "
"201402","서울특별시","용산구","주택용","76,272 ","35,275,570 ","5,549,448,831 ","157.3 "
"201402","서울특별시","용산구","합계","104,109 ","117,993,607 ","16,059,269,647 ","136.1 "
"201402","서울특별시","은평구","가로등","11,115 ","1,126,947 ","117,327,356 ","104.1 "
"201402","서울특별시","은평구","교육용","126 ","3,362,519 ","417,284,674 ","124.1 "
"201402","서울특별시","은평구","농사용","43 ","10,161 ","509,824 ","50.2 "
"201402","서울특별시","은평구","산업용","856 ","13,765,169 ","1,571,815,621 ","114.2 "
"201402","서울특별시","은평구","심 야","908 ","1,670,953 ","128,762,744 ","77.1 "
"201402","서울특별시","은평구","일반용","19,957 ","43,662,007 ","5,866,247,553 ","134.4 "
"201402","서울특별시","은평구","주택용","155,166 ","54,279,347 ","7,587,137,597 ","139.8 "
"201402","서울특별시","은평구","합계","188,171 ","117,877,103 ","15,689,085,369 ","133.1 "
"201402","서울특별시","종로구","가로등","702 ","1,060,439 ","119,093,958 ","112.3 "
"201402","서울특별시","종로구","교육용","132 ","8,765,126 ","928,038,867 ","105.9 "
"201402","서울특별시","종로구","농사용","8 ","2,377 ","115,489 ","48.6 "
"201402","서울특별시","종로구","산업용","2,714 ","6,173,428 ","759,694,310 ","123.1 "
"201402","서울특별시","종로구","심 야","1,691 ","5,002,788 ","395,582,178 ","79.1 "
"201402","서울특별시","종로구","일반용","24,840 ","105,822,983 ","14,240,192,719 ","134.6 "
"201402","서울특별시","종로구","주택용","60,068 ","23,261,797 ","3,520,543,922 ","151.3 "
"201402","서울특별시","종로구","합계","90,155 ","150,088,938 ","19,963,261,443 ","133 "
"201402","서울특별시","중구","가로등","6,481 ","1,686,912 ","179,096,857 ","106.2 "
"201402","서울특별시","중구","교육용","79 ","4,729,905 ","524,240,670 ","110.8 "
"201402","서울특별시","중구","산업용","5,858 ","22,157,472 ","2,790,003,746 ","125.9 "
"201402","서울특별시","중구","심 야","406 ","1,147,895 ","121,946,013 ","106.2 "
"201402","서울특별시","중구","일반용","24,521 ","163,432,399 ","22,015,811,757 ","134.7 "
"201402","서울특별시","중구","주택용","38,072 ","16,776,249 ","2,401,727,582 ","143.2 "
"201402","서울특별시","중구","합계","75,417 ","209,930,832 ","28,032,826,625 ","133.5 "
"201402","서울특별시","중랑구","가로등","9,780 ","1,110,613 ","116,187,731 ","104.6 "
"201402","서울특별시","중랑구","교육용","81 ","2,724,930 ","328,792,522 ","120.7 "
"201402","서울특별시","중랑구","농사용","52 ","18,984 ","933,625 ","49.2 "
"201402","서울특별시","중랑구","산업용","2,506 ","7,015,055 ","849,367,251 ","121.1 "
"201402","서울특별시","중랑구","심 야","659 ","1,031,650 ","81,906,762 ","79.4 "
"201402","서울특별시","중랑구","일반용","19,226 ","42,261,544 ","5,611,465,950 ","132.8 "
"201402","서울특별시","중랑구","주택용","124,919 ","45,554,413 ","6,072,483,791 ","133.3 "
"201402","서울특별시","중랑구","합계","157,223 ","99,717,189 ","13,061,137,632 ","131 "
"201403","서울특별시","강남구","가로등","12,003 ","2,164,916 ","235,232,060 ","108.7 "
"201403","서울특별시","강남구","교육용","126 ","3,603,550 ","413,233,889 ","114.7 "
"201403","서울특별시","강남구","농사용","196 ","99,924 ","4,889,163 ","48.9 "
"201403","서울특별시","강남구","산업용","1,028 ","16,773,042 ","1,729,710,047 ","103.1 "
"201403","서울특별시","강남구","심 야","1,046 ","2,030,737 ","150,041,648 ","73.9 "
"201403","서울특별시","강남구","일반용","47,930 ","266,391,897 ","32,224,223,142 ","121 "
"201403","서울특별시","강남구","주택용","135,196 ","66,400,494 ","9,062,088,296 ","136.5 "
"201403","서울특별시","강남구","합계","197,525 ","357,464,560 ","43,819,418,245 ","122.6 "
"201403","서울특별시","강동구","가로등","972 ","1,075,070 ","117,556,942 ","109.3 "
"201403","서울특별시","강동구","교육용","106 ","2,519,076 ","302,450,274 ","120.1 "
"201403","서울특별시","강동구","농사용","517 ","261,552 ","12,980,766 ","49.6 "
"201403","서울특별시","강동구","산업용","1,240 ","13,444,186 ","1,192,794,858 ","88.7 "
"201403","서울특별시","강동구","심 야","518 ","836,165 ","56,884,502 ","68 "
"201403","서울특별시","강동구","일반용","19,642 ","54,518,995 ","6,815,651,393 ","125 "
"201403","서울특별시","강동구","주택용","104,513 ","44,107,582 ","5,290,439,988 ","119.9 "
"201403","서울특별시","강동구","합계","127,508 ","116,762,626 ","13,788,758,723 ","118.1 "
"201403","서울특별시","강북구","가로등","2,159 ","585,144 ","63,187,643 ","108 "
"201403","서울특별시","강북구","교육용","76 ","2,088,570 ","235,995,341 ","113 "
"201403","서울특별시","강북구","농사용","10 ","4,833 ","235,235 ","48.7 "
"201403","서울특별시","강북구","산업용","1,472 ","3,973,058 ","445,804,355 ","112.2 "
"201403","서울특별시","강북구","심 야","815 ","1,210,443 ","81,759,209 ","67.5 "
"201403","서울특별시","강북구","일반용","15,695 ","32,193,748 ","4,043,134,820 ","125.6 "
"201403","서울특별시","강북구","주택용","108,753 ","31,325,421 ","3,677,049,599 ","117.4 "
"201403","서울특별시","강북구","합계","128,980 ","71,381,217 ","8,547,166,202 ","119.7 "
"201403","서울특별시","강서구","가로등","9,334 ","1,420,239 ","158,781,363 ","111.8 "
"201403","서울특별시","강서구","교육용","149 ","3,002,141 ","362,742,130 ","120.8 "
"201403","서울특별시","강서구","농사용","357 ","355,000 ","16,563,046 ","46.7 "
"201403","서울특별시","강서구","산업용","1,007 ","22,064,958 ","2,071,199,687 ","93.9 "
"201403","서울특별시","강서구","심 야","771 ","895,374 ","60,863,353 ","68 "
"201403","서울특별시","강서구","일반용","22,029 ","73,979,288 ","8,995,975,292 ","121.6 "
"201403","서울특별시","강서구","주택용","155,707 ","54,711,664 ","6,476,358,679 ","118.4 "
"201403","서울특별시","강서구","합계","189,354 ","156,428,664 ","18,142,483,550 ","116 "
"201403","서울특별시","관악구","가로등","11,437 ","843,500 ","88,568,643 ","105 "
"201403","서울특별시","관악구","교육용","107 ","15,613,053 ","1,515,843,710 ","97.1 "
"201403","서울특별시","관악구","농사용","10 ","5,610 ","251,169 ","44.8 "
"201403","서울특별시","관악구","산업용","1,224 ","4,211,448 ","483,591,936 ","114.8 "
"201403","서울특별시","관악구","심 야","1,391 ","1,611,077 ","108,975,437 ","67.6 "
"201403","서울특별시","관악구","일반용","24,669 ","57,866,938 ","7,085,106,550 ","122.4 "
"201403","서울특별시","관악구","주택용","195,545 ","49,240,257 ","5,463,115,769 ","110.9 "
"201403","서울특별시","관악구","합계","234,383 ","129,391,883 ","14,745,453,214 ","114 "
"201403","서울특별시","광진구","가로등","716 ","987,867 ","110,299,716 ","111.7 "
"201403","서울특별시","광진구","교육용","93 ","6,661,408 ","586,355,740 ","88 "
"201403","서울특별시","광진구","농사용","6 ","21,466 ","934,869 ","43.6 "
"201403","서울특별시","광진구","산업용","1,559 ","28,243,819 ","2,964,071,904 ","104.9 "
"201403","서울특별시","광진구","심 야","1,291 ","1,020,807 ","74,054,895 ","72.5 "
"201403","서울특별시","광진구","일반용","20,046 ","48,920,813 ","5,951,346,052 ","121.7 "
"201403","서울특별시","광진구","주택용","129,872 ","35,839,854 ","4,344,565,159 ","121.2 "
"201403","서울특별시","광진구","합계","153,583 ","121,696,034 ","14,031,628,335 ","115.3 "
"201403","서울특별시","구로구","가로등","9,739 ","1,117,334 ","122,158,727 ","109.3 "
"201403","서울특별시","구로구","교육용","107 ","2,846,448 ","316,200,072 ","111.1 "
"201403","서울특별시","구로구","농사용","79 ","25,925 ","1,291,283 ","49.8 "
"201403","서울특별시","구로구","산업용","1,831 ","31,797,668 ","3,335,400,675 ","104.9 "
"201403","서울특별시","구로구","심 야","504 ","940,328 ","68,448,447 ","72.8 "
"201403","서울특별시","구로구","일반용","17,246 ","67,869,044 ","8,166,572,420 ","120.3 "
"201403","서울특별시","구로구","주택용","92,695 ","44,295,473 ","5,138,438,649 ","116 "
"201403","서울특별시","구로구","합계","122,201 ","148,892,220 ","17,148,510,273 ","115.2 "
"201403","서울특별시","금천구","가로등","6,257 ","707,320 ","76,566,599 ","108.2 "
"201403","서울특별시","금천구","교육용","53 ","1,197,155 ","146,772,828 ","122.6 "
"201403","서울특별시","금천구","농사용","4 ","41,080 ","1,789,801 ","43.6 "
"201403","서울특별시","금천구","산업용","2,371 ","27,984,550 ","3,282,269,998 ","117.3 "
"201403","서울특별시","금천구","심 야","339 ","474,908 ","40,617,725 ","85.5 "
"201403","서울특별시","금천구","일반용","12,843 ","74,035,131 ","8,535,123,371 ","115.3 "
"201403","서울특별시","금천구","주택용","66,764 ","22,406,648 ","2,532,300,463 ","113 "
"201403","서울특별시","금천구","합계","88,631 ","126,846,792 ","14,615,440,785 ","115.2 "
"201403","서울특별시","노원구","가로등","6,766 ","1,375,584 ","152,381,537 ","110.8 "
"201403","서울특별시","노원구","교육용","189 ","9,567,696 ","989,398,177 ","103.4 "
"201403","서울특별시","노원구","농사용","30 ","9,753 ","642,243 ","65.9 "
"201403","서울특별시","노원구","산업용","904 ","6,183,018 ","716,545,289 ","115.9 "
"201403","서울특별시","노원구","심 야","383 ","1,137,135 ","78,599,158 ","69.1 "
"201403","서울특별시","노원구","일반용","14,516 ","47,272,156 ","5,852,333,481 ","123.8 "
"201403","서울특별시","노원구","주택용","82,172 ","53,553,996 ","5,865,397,588 ","109.5 "
"201403","서울특별시","노원구","합계","104,960 ","119,099,338 ","13,655,297,473 ","114.7 "
"201403","서울특별시","도봉구","가로등","6,615 ","696,122 ","76,309,594 ","109.6 "
"201403","서울특별시","도봉구","교육용","94 ","2,786,492 ","318,926,247 ","114.5 "
"201403","서울특별시","도봉구","농사용","55 ","14,185 ","893,981 ","63 "
"201403","서울특별시","도봉구","산업용","1,068 ","5,646,878 ","596,525,156 ","105.6 "
"201403","서울특별시","도봉구","심 야","471 ","788,069 ","55,589,462 ","70.5 "
"201403","서울특별시","도봉구","일반용","11,753 ","27,137,116 ","3,424,859,980 ","126.2 "
"201403","서울특별시","도봉구","주택용","73,355 ","33,812,296 ","3,967,599,688 ","117.3 "
"201403","서울특별시","도봉구","합계","93,411 ","70,881,158 ","8,440,704,108 ","119.1 "
"201403","서울특별시","동대문구","가로등","10,887 ","1,095,934 ","116,537,451 ","106.3 "
"201403","서울특별시","동대문구","교육용","95 ","6,878,363 ","656,710,502 ","95.5 "
"201403","서울특별시","동대문구","농사용","4 ","2,417 ","109,423 ","45.3 "
"201403","서울특별시","동대문구","산업용","2,845 ","12,853,277 ","1,446,229,926 ","112.5 "
"201403","서울특별시","동대문구","심 야","757 ","1,087,350 ","77,489,223 ","71.3 "
"201403","서울특별시","동대문구","일반용","24,027 ","52,075,756 ","6,605,034,822 ","126.8 "
"201403","서울특별시","동대문구","주택용","106,627 ","38,166,968 ","4,534,494,358 ","118.8 "
"201403","서울특별시","동대문구","합계","145,242 ","112,160,065 ","13,436,605,705 ","119.8 "
"201403","서울특별시","동작구","가로등","10,493 ","1,011,600 ","106,937,985 ","105.7 "
"201403","서울특별시","동작구","교육용","80 ","6,148,226 ","581,142,849 ","94.5 "
"201403","서울특별시","동작구","농사용","3 ","3,278 ","143,786 ","43.9 "
"201403","서울특별시","동작구","산업용","568 ","4,796,654 ","516,108,655 ","107.6 "
"201403","서울특별시","동작구","심 야","735 ","915,874 ","65,847,445 ","71.9 "
"201403","서울특별시","동작구","일반용","16,323 ","44,980,409 ","5,398,529,691 ","120 "
"201403","서울특별시","동작구","주택용","120,892 ","39,486,381 ","4,685,465,290 ","118.7 "
"201403","서울특별시","동작구","합계","149,094 ","97,342,422 ","11,354,175,701 ","116.6 "
"201403","서울특별시","마포구","가로등","10,358 ","1,443,104 ","156,590,759 ","108.5 "
"201403","서울특별시","마포구","교육용","95 ","4,880,653 ","460,577,194 ","94.4 "
"201403","서울특별시","마포구","농사용","11 ","12,001 ","556,511 ","46.4 "
"201403","서울특별시","마포구","산업용","1,360 ","11,203,653 ","1,255,964,918 ","112.1 "
"201403","서울특별시","마포구","심 야","587 ","2,084,226 ","126,709,625 ","60.8 "
"201403","서울특별시","마포구","일반용","26,152 ","88,930,422 ","10,515,246,455 ","118.2 "
"201403","서울특별시","마포구","주택용","110,310 ","41,757,178 ","5,018,866,797 ","120.2 "
"201403","서울특별시","마포구","합계","148,873 ","150,311,237 ","17,534,512,259 ","116.7 "
"201403","서울특별시","서대문구","가로등","690 ","836,438 ","92,197,845 ","110.2 "
"201403","서울특별시","서대문구","교육용","95 ","14,107,686 ","1,218,202,294 ","86.4 "
"201403","서울특별시","서대문구","농사용","4 ","4,875 ","228,093 ","46.8 "
"201403","서울특별시","서대문구","산업용","701 ","2,714,670 ","329,464,427 ","121.4 "
"201403","서울특별시","서대문구","심 야","896 ","911,749 ","65,840,838 ","72.2 "
"201403","서울특별시","서대문구","일반용","15,878 ","43,296,090 ","5,278,669,286 ","121.9 "
"201403","서울특별시","서대문구","주택용","98,095 ","31,685,599 ","3,828,121,344 ","120.8 "
"201403","서울특별시","서대문구","합계","116,359 ","93,557,107 ","10,812,724,127 ","115.6 "
"201403","서울특별시","서초구","가로등","9,759 ","2,111,556 ","232,737,329 ","110.2 "
"201403","서울특별시","서초구","교육용","93 ","3,949,084 ","444,033,956 ","112.4 "
"201403","서울특별시","서초구","농사용","559 ","295,399 ","14,335,867 ","48.5 "
"201403","서울특별시","서초구","산업용","860 ","44,175,206 ","4,525,223,867 ","102.4 "
"201403","서울특별시","서초구","심 야","804 ","1,231,735 ","93,925,921 ","76.3 "
"201403","서울특별시","서초구","일반용","29,445 ","165,679,696 ","19,920,557,071 ","120.2 "
"201403","서울특별시","서초구","주택용","80,944 ","51,761,681 ","7,396,185,373 ","142.9 "
"201403","서울특별시","서초구","합계","122,464 ","269,204,357 ","32,626,999,384 ","121.2 "
"201403","서울특별시","성동구","가로등","8,130 ","1,131,313 ","124,714,429 ","110.2 "
"201403","서울특별시","성동구","교육용","73 ","6,096,420 ","563,246,533 ","92.4 "
"201403","서울특별시","성동구","농사용","1 ","95 ","7,099 ","74.7 "
"201403","서울특별시","성동구","산업용","4,597 ","62,396,728 ","6,230,569,706 ","99.9 "
"201403","서울특별시","성동구","심 야","418 ","603,645 ","41,544,231 ","68.8 "
"201403","서울특별시","성동구","일반용","15,452 ","48,611,789 ","6,004,139,679 ","123.5 "
"201403","서울특별시","성동구","주택용","65,845 ","30,832,932 ","3,658,472,717 ","118.7 "
"201403","서울특별시","성동구","합계","94,516 ","149,672,922 ","16,622,694,394 ","111.1 "
"201403","서울특별시","성북구","가로등","1,088 ","1,372,595 ","147,628,310 ","107.6 "
"201403","서울특별시","성북구","교육용","135 ","12,474,859 ","1,167,147,945 ","93.6 "
"201403","서울특별시","성북구","농사용","13 ","9,071 ","446,116 ","49.2 "
"201403","서울특별시","성북구","산업용","2,393 ","8,334,515 ","921,246,698 ","110.5 "
"201403","서울특별시","성북구","심 야","1,906 ","2,804,836 ","186,885,426 ","66.6 "
"201403","서울특별시","성북구","일반용","21,012 ","42,765,420 ","5,421,011,878 ","126.8 "
"201403","서울특별시","성북구","주택용","124,800 ","47,663,549 ","5,978,531,075 ","125.4 "
"201403","서울특별시","성북구","합계","151,347 ","115,424,845 ","13,822,897,448 ","119.8 "
"201403","서울특별시","송파구","가로등","1,241 ","1,673,576 ","186,990,154 ","111.7 "
"201403","서울특별시","송파구","교육용","143 ","4,442,795 ","523,614,958 ","117.9 "
"201403","서울특별시","송파구","농사용","89 ","182,870 ","8,573,215 ","46.9 "
"201403","서울특별시","송파구","산업용","1,122 ","15,622,428 ","1,475,496,211 ","94.4 "
"201403","서울특별시","송파구","심 야","713 ","1,146,227 ","82,705,415 ","72.2 "
"201403","서울특별시","송파구","일반용","28,141 ","104,740,561 ","12,653,871,172 ","120.8 "
"201403","서울특별시","송파구","주택용","139,323 ","66,509,906 ","8,364,882,241 ","125.8 "
"201403","서울특별시","송파구","합계","170,772 ","194,318,363 ","23,296,133,366 ","119.9 "
"201403","서울특별시","양천구","가로등","8,089 ","1,438,498 ","152,026,746 ","105.7 "
"201403","서울특별시","양천구","교육용","112 ","2,655,766 ","337,765,642 ","127.2 "
"201403","서울특별시","양천구","농사용","15 ","7,736 ","447,622 ","57.9 "
"201403","서울특별시","양천구","산업용","1,050 ","3,984,269 ","540,396,769 ","135.6 "
"201403","서울특별시","양천구","심 야","366 ","496,682 ","42,013,786 ","84.6 "
"201403","서울특별시","양천구","일반용","16,548 ","62,171,191 ","7,367,939,597 ","118.5 "
"201403","서울특별시","양천구","주택용","96,629 ","49,356,492 ","6,049,502,089 ","122.6 "
"201403","서울특별시","양천구","합계","122,809 ","120,110,634 ","14,490,092,251 ","120.6 "
"201403","서울특별시","영등포구","가로등","10,409 ","1,888,263 ","206,459,970 ","109.3 "
"201403","서울특별시","영등포구","교육용","96 ","2,037,648 ","241,401,886 ","118.5 "
"201403","서울특별시","영등포구","농사용","4 ","4,041 ","175,040 ","43.3 "
"201403","서울특별시","영등포구","산업용","3,576 ","20,611,841 ","2,321,082,774 ","112.6 "
"201403","서울특별시","영등포구","심 야","566 ","1,840,834 ","147,718,980 ","80.2 "
"201403","서울특별시","영등포구","일반용","24,001 ","133,668,555 ","15,736,993,596 ","117.7 "
"201403","서울특별시","영등포구","주택용","92,608 ","44,049,290 ","5,262,001,661 ","119.5 "
"201403","서울특별시","영등포구","합계","131,260 ","204,100,472 ","23,915,833,907 ","117.2 "
"201403","서울특별시","용산구","가로등","10,480 ","1,290,353 ","137,987,965 ","106.9 "
"201403","서울특별시","용산구","교육용","74 ","4,162,598 ","428,539,395 ","102.9 "
"201403","서울특별시","용산구","농사용","1 ","220 ","11,873 ","54 "
"201403","서울특별시","용산구","산업용","1,059 ","7,840,810 ","857,675,071 ","109.4 "
"201403","서울특별시","용산구","심 야","481 ","821,985 ","58,302,839 ","70.9 "
"201403","서울특별시","용산구","일반용","15,742 ","59,114,755 ","7,457,826,044 ","126.2 "
"201403","서울특별시","용산구","주택용","76,327 ","30,563,846 ","4,238,646,945 ","138.7 "
"201403","서울특별시","용산구","합계","104,164 ","103,794,567 ","13,178,990,132 ","127 "
"201403","서울특별시","은평구","가로등","11,150 ","1,061,410 ","110,916,801 ","104.5 "
"201403","서울특별시","은평구","교육용","130 ","2,825,821 ","338,988,346 ","120 "
"201403","서울특별시","은평구","농사용","44 ","10,687 ","546,904 ","51.2 "
"201403","서울특별시","은평구","산업용","860 ","13,072,478 ","1,340,884,857 ","102.6 "
"201403","서울특별시","은평구","심 야","904 ","1,246,679 ","86,464,088 ","69.4 "
"201403","서울특별시","은평구","일반용","19,908 ","37,365,388 ","4,787,079,525 ","128.1 "
"201403","서울특별시","은평구","주택용","155,174 ","47,165,373 ","5,825,090,987 ","123.5 "
"201403","서울특별시","은평구","합계","188,170 ","102,747,836 ","12,489,971,508 ","121.6 "
"201403","서울특별시","종로구","가로등","702 ","946,890 ","108,260,858 ","114.3 "
"201403","서울특별시","종로구","교육용","133 ","7,447,769 ","725,506,499 ","97.4 "
"201403","서울특별시","종로구","농사용","8 ","1,805 ","102,151 ","56.6 "
"201403","서울특별시","종로구","산업용","2,720 ","6,397,246 ","711,912,107 ","111.3 "
"201403","서울특별시","종로구","심 야","1,688 ","4,013,821 ","302,869,713 ","75.5 "
"201403","서울특별시","종로구","일반용","24,812 ","95,023,676 ","11,466,410,544 ","120.7 "
"201403","서울특별시","종로구","주택용","60,130 ","20,444,406 ","2,772,271,826 ","135.6 "
"201403","서울특별시","종로구","합계","90,193 ","134,275,613 ","16,087,333,698 ","119.8 "
"201403","서울특별시","중구","가로등","6,513 ","1,545,162 ","166,180,223 ","107.5 "
"201403","서울특별시","중구","교육용","79 ","4,152,317 ","399,929,997 ","96.3 "
"201403","서울특별시","중구","산업용","5,856 ","21,287,443 ","2,450,926,893 ","115.1 "
"201403","서울특별시","중구","심 야","405 ","1,115,924 ","99,137,786 ","88.8 "
"201403","서울특별시","중구","일반용","24,549 ","153,600,962 ","17,967,332,423 ","117 "
"201403","서울특별시","중구","주택용","38,140 ","14,620,963 ","1,855,017,542 ","126.9 "
"201403","서울특별시","중구","합계","75,542 ","196,322,771 ","22,938,524,864 ","116.8 "
"201403","서울특별시","중랑구","가로등","9,787 ","1,029,489 ","108,328,861 ","105.2 "
"201403","서울특별시","중랑구","교육용","82 ","2,223,268 ","262,690,340 ","118.2 "
"201403","서울특별시","중랑구","농사용","52 ","15,772 ","782,886 ","49.6 "
"201403","서울특별시","중랑구","산업용","2,520 ","6,301,021 ","727,277,049 ","115.4 "
"201403","서울특별시","중랑구","심 야","658 ","804,049 ","58,251,497 ","72.4 "
"201403","서울특별시","중랑구","일반용","19,208 ","36,077,443 ","4,518,939,887 ","125.3 "
"201403","서울특별시","중랑구","주택용","125,137 ","39,280,251 ","4,624,823,845 ","117.7 "
"201403","서울특별시","중랑구","합계","157,444 ","85,731,293 ","10,301,094,365 ","120.2 "
"201404","서울특별시","강남구","가로등","12,008 ","2,104,196 ","236,280,349 ","112.3 "
"201404","서울특별시","강남구","교육용","126 ","3,033,391 ","350,813,879 ","115.7 "
"201404","서울특별시","강남구","농사용","196 ","87,423 ","4,399,766 ","50.3 "
"201404","서울특별시","강남구","산업용","1,030 ","15,497,767 ","1,551,126,715 ","100.1 "
"201404","서울특별시","강남구","심 야","1,045 ","2,167,528 ","167,732,226 ","77.4 "
"201404","서울특별시","강남구","일반용","48,041 ","247,491,843 ","28,396,816,268 ","114.7 "
"201404","서울특별시","강남구","주택용","135,327 ","67,373,477 ","9,314,511,397 ","138.3 "
"201404","서울특별시","강남구","합계","197,773 ","337,755,625 ","40,021,680,600 ","118.5 "
"201404","서울특별시","강동구","가로등","973 ","1,034,066 ","117,831,760 ","113.9 "
"201404","서울특별시","강동구","교육용","106 ","2,151,397 ","255,905,801 ","118.9 "
"201404","서울특별시","강동구","농사용","517 ","204,250 ","10,658,295 ","52.2 "
"201404","서울특별시","강동구","산업용","1,240 ","13,374,929 ","1,167,275,061 ","87.3 "
"201404","서울특별시","강동구","심 야","514 ","577,230 ","33,077,136 ","57.3 "
"201404","서울특별시","강동구","일반용","19,688 ","51,512,555 ","6,031,029,897 ","117.1 "
"201404","서울특별시","강동구","주택용","104,634 ","45,574,344 ","5,605,183,186 ","123 "
"201404","서울특별시","강동구","합계","127,672 ","114,428,771 ","13,220,961,136 ","115.5 "
"201404","서울특별시","강북구","가로등","2,160 ","531,424 ","61,730,170 ","116.2 "
"201404","서울특별시","강북구","교육용","76 ","1,891,016 ","201,521,727 ","106.6 "
"201404","서울특별시","강북구","농사용","10 ","4,999 ","253,835 ","50.8 "
"201404","서울특별시","강북구","산업용","1,475 ","3,988,519 ","398,781,007 ","100 "
"201404","서울특별시","강북구","심 야","809 ","932,331 ","50,897,586 ","54.6 "
"201404","서울특별시","강북구","일반용","15,674 ","30,750,096 ","3,503,158,808 ","113.9 "
"201404","서울특별시","강북구","주택용","108,931 ","32,647,095 ","3,951,709,514 ","121 "
"201404","서울특별시","강북구","합계","129,135 ","70,745,480 ","8,168,052,647 ","115.5 "
"201404","서울특별시","강서구","가로등","9,324 ","1,405,518 ","160,515,470 ","114.2 "
"201404","서울특별시","강서구","교육용","149 ","2,804,728 ","321,028,968 ","114.5 "
"201404","서울특별시","강서구","농사용","171 ","398,353 ","18,113,543 ","45.5 "
"201404","서울특별시","강서구","산업용","1,007 ","21,330,113 ","1,947,606,600 ","91.3 "
"201404","서울특별시","강서구","심 야","766 ","634,731 ","35,910,342 ","56.6 "
"201404","서울특별시","강서구","일반용","22,028 ","70,136,118 ","7,905,934,343 ","112.7 "
"201404","서울특별시","강서구","주택용","155,933 ","57,210,515 ","6,932,536,880 ","121.2 "
"201404","서울특별시","강서구","합계","189,378 ","153,920,076 ","17,321,646,146 ","112.5 "
"201404","서울특별시","관악구","가로등","11,451 ","784,798 ","87,315,833 ","111.3 "
"201404","서울특별시","관악구","교육용","107 ","14,360,820 ","1,217,504,821 ","84.8 "
"201404","서울특별시","관악구","농사용","10 ","6,232 ","287,806 ","46.2 "
"201404","서울특별시","관악구","산업용","1,220 ","4,348,742 ","455,282,182 ","104.7 "
"201404","서울특별시","관악구","심 야","1,385 ","1,269,044 ","71,706,784 ","56.5 "
"201404","서울특별시","관악구","일반용","24,654 ","56,769,900 ","6,290,999,581 ","110.8 "
"201404","서울특별시","관악구","주택용","195,839 ","51,693,909 ","5,939,032,954 ","114.9 "
"201404","서울특별시","관악구","합계","234,666 ","129,233,445 ","14,062,129,961 ","108.8 "
"201404","서울특별시","광진구","가로등","717 ","891,377 ","105,821,855 ","118.7 "
"201404","서울특별시","광진구","교육용","94 ","5,555,169 ","511,322,788 ","92 "
"201404","서울특별시","광진구","농사용","6 ","19,435 ","855,704 ","44 "
"201404","서울특별시","광진구","산업용","1,553 ","30,052,129 ","2,862,431,443 ","95.2 "
"201404","서울특별시","광진구","심 야","1,287 ","911,336 ","65,711,212 ","72.1 "
"201404","서울특별시","광진구","일반용","20,073 ","47,102,100 ","5,339,252,559 ","113.4 "
"201404","서울특별시","광진구","주택용","130,206 ","37,173,354 ","4,649,023,593 ","125.1 "
"201404","서울특별시","광진구","합계","153,936 ","121,704,900 ","13,534,419,154 ","111.2 "
"201404","서울특별시","구로구","가로등","9,744 ","1,035,273 ","118,624,924 ","114.6 "
"201404","서울특별시","구로구","교육용","107 ","2,376,188 ","272,699,868 ","114.8 "
"201404","서울특별시","구로구","농사용","76 ","20,888 ","1,117,228 ","53.5 "
"201404","서울특별시","구로구","산업용","1,829 ","31,703,918 ","3,093,875,967 ","97.6 "
"201404","서울특별시","구로구","심 야","502 ","715,759 ","60,252,382 ","84.2 "
"201404","서울특별시","구로구","일반용","17,245 ","62,786,162 ","7,289,528,789 ","116.1 "
"201404","서울특별시","구로구","주택용","92,945 ","45,789,757 ","5,453,480,582 ","119.1 "
"201404","서울특별시","구로구","합계","122,448 ","144,427,945 ","16,289,579,740 ","112.8 "
"201404","서울특별시","금천구","가로등","6,261 ","637,215 ","73,504,717 ","115.4 "
"201404","서울특별시","금천구","교육용","53 ","996,405 ","125,725,680 ","126.2 "
"201404","서울특별시","금천구","농사용","5 ","36,383 ","1,802,137 ","49.5 "
"201404","서울특별시","금천구","산업용","2,367 ","26,721,338 ","2,994,396,818 ","112.1 "
"201404","서울특별시","금천구","심 야","339 ","389,115 ","31,312,425 ","80.5 "
"201404","서울특별시","금천구","일반용","12,851 ","68,189,263 ","7,700,243,152 ","112.9 "
"201404","서울특별시","금천구","주택용","66,968 ","23,242,375 ","2,699,066,998 ","116.1 "
"201404","서울특별시","금천구","합계","88,844 ","120,212,094 ","13,626,051,927 ","113.4 "
"201404","서울특별시","노원구","가로등","6,765 ","1,325,435 ","150,930,099 ","113.9 "
"201404","서울특별시","노원구","교육용","189 ","8,496,074 ","835,117,711 ","98.3 "
"201404","서울특별시","노원구","농사용","29 ","8,807 ","495,936 ","56.3 "
"201404","서울특별시","노원구","산업용","910 ","5,508,631 ","627,190,656 ","113.9 "
"201404","서울특별시","노원구","심 야","382 ","882,649 ","52,746,934 ","59.8 "
"201404","서울특별시","노원구","일반용","14,525 ","44,909,080 ","5,100,185,768 ","113.6 "
"201404","서울특별시","노원구","주택용","82,179 ","56,001,391 ","6,278,853,819 ","112.1 "
"201404","서울특별시","노원구","합계","104,979 ","117,132,067 ","13,045,520,923 ","111.4 "
"201404","서울특별시","도봉구","가로등","6,511 ","671,533 ","77,457,450 ","115.3 "
"201404","서울특별시","도봉구","교육용","95 ","2,542,152 ","269,598,268 ","106.1 "
"201404","서울특별시","도봉구","농사용","54 ","12,854 ","795,849 ","61.9 "
"201404","서울특별시","도봉구","산업용","1,069 ","5,957,687 ","558,491,439 ","93.7 "
"201404","서울특별시","도봉구","심 야","469 ","602,285 ","34,706,498 ","57.6 "
"201404","서울특별시","도봉구","일반용","11,759 ","25,462,890 ","2,939,375,945 ","115.4 "
"201404","서울특별시","도봉구","주택용","73,490 ","35,299,806 ","4,256,240,783 ","120.6 "
"201404","서울특별시","도봉구","합계","93,447 ","70,549,207 ","8,136,666,232 ","115.3 "
"201404","서울특별시","동대문구","가로등","10,887 ","986,281 ","111,859,745 ","113.4 "
"201404","서울특별시","동대문구","교육용","94 ","6,247,777 ","575,875,685 ","92.2 "
"201404","서울특별시","동대문구","농사용","4 ","2,112 ","97,596 ","46.2 "
"201404","서울특별시","동대문구","산업용","2,851 ","12,736,703 ","1,322,251,936 ","103.8 "
"201404","서울특별시","동대문구","심 야","754 ","787,233 ","47,268,614 ","60 "
"201404","서울특별시","동대문구","일반용","23,982 ","48,941,158 ","5,698,629,243 ","116.4 "
"201404","서울특별시","동대문구","주택용","106,864 ","39,681,108 ","4,801,150,492 ","121 "
"201404","서울특별시","동대문구","합계","145,436 ","109,382,372 ","12,557,133,311 ","114.8 "
"201404","서울특별시","동작구","가로등","10,612 ","952,256 ","106,896,334 ","112.3 "
"201404","서울특별시","동작구","교육용","83 ","5,293,239 ","494,178,290 ","93.4 "
"201404","서울특별시","동작구","농사용","3 ","3,613 ","157,042 ","43.5 "
"201404","서울특별시","동작구","산업용","567 ","4,983,991 ","506,670,468 ","101.7 "
"201404","서울특별시","동작구","심 야","733 ","698,847 ","46,290,177 ","66.2 "
"201404","서울특별시","동작구","일반용","16,303 ","43,808,674 ","4,875,973,432 ","111.3 "
"201404","서울특별시","동작구","주택용","121,124 ","41,366,834 ","5,064,835,724 ","122.4 "
"201404","서울특별시","동작구","합계","149,425 ","97,107,454 ","11,095,001,467 ","114.3 "
"201404","서울특별시","마포구","가로등","10,346 ","1,410,749 ","158,566,064 ","112.4 "
"201404","서울특별시","마포구","교육용","95 ","4,196,521 ","405,064,243 ","96.5 "
"201404","서울특별시","마포구","농사용","11 ","12,715 ","590,029 ","46.4 "
"201404","서울특별시","마포구","산업용","1,353 ","11,002,664 ","1,199,577,346 ","109 "
"201404","서울특별시","마포구","심 야","585 ","1,609,155 ","92,724,620 ","57.6 "
"201404","서울특별시","마포구","일반용","26,219 ","83,543,923 ","9,412,076,753 ","112.7 "
"201404","서울특별시","마포구","주택용","110,363 ","43,589,168 ","5,314,418,161 ","121.9 "
"201404","서울특별시","마포구","합계","148,972 ","145,364,895 ","16,583,017,216 ","114.1 "
"201404","서울특별시","서대문구","가로등","691 ","797,605 ","90,735,185 ","113.8 "
"201404","서울특별시","서대문구","교육용","95 ","12,481,424 ","1,096,608,093 ","87.9 "
"201404","서울특별시","서대문구","농사용","4 ","4,070 ","196,524 ","48.3 "
"201404","서울특별시","서대문구","산업용","706 ","2,746,882 ","307,265,332 ","111.9 "
"201404","서울특별시","서대문구","심 야","888 ","738,729 ","48,808,447 ","66.1 "
"201404","서울특별시","서대문구","일반용","15,885 ","42,012,673 ","4,804,190,896 ","114.4 "
"201404","서울특별시","서대문구","주택용","98,292 ","32,535,419 ","4,011,517,594 ","123.3 "
"201404","서울특별시","서대문구","합계","116,561 ","91,316,802 ","10,359,322,071 ","113.4 "
"201404","서울특별시","서초구","가로등","9,635 ","2,082,192 ","234,639,012 ","112.7 "
"201404","서울특별시","서초구","교육용","93 ","3,577,918 ","378,951,580 ","105.9 "
"201404","서울특별시","서초구","농사용","561 ","252,497 ","12,823,788 ","50.8 "
"201404","서울특별시","서초구","산업용","857 ","46,321,724 ","4,395,510,475 ","94.9 "
"201404","서울특별시","서초구","심 야","801 ","1,026,460 ","75,812,920 ","73.9 "
"201404","서울특별시","서초구","일반용","29,481 ","156,971,214 ","17,652,395,946 ","112.5 "
"201404","서울특별시","서초구","주택용","81,118 ","52,447,846 ","7,680,531,406 ","146.4 "
"201404","서울특별시","서초구","합계","122,546 ","262,679,851 ","30,430,665,127 ","115.8 "
"201404","서울특별시","성동구","가로등","8,134 ","1,064,322 ","121,965,674 ","114.6 "
"201404","서울특별시","성동구","교육용","72 ","5,360,044 ","499,886,279 ","93.3 "
"201404","서울특별시","성동구","농사용","1 ","98 ","7,221 ","73.7 "
"201404","서울특별시","성동구","산업용","4,600 ","62,606,843 ","5,906,967,498 ","94.4 "
"201404","서울특별시","성동구","심 야","414 ","376,101 ","21,884,455 ","58.2 "
"201404","서울특별시","성동구","일반용","15,459 ","45,508,872 ","5,266,111,243 ","115.7 "
"201404","서울특별시","성동구","주택용","65,944 ","32,159,592 ","3,898,952,126 ","121.2 "
"201404","서울특별시","성동구","합계","94,624 ","147,075,872 ","15,715,774,496 ","106.9 "
"201404","서울특별시","성북구","가로등","1,089 ","1,259,331 ","143,846,513 ","114.2 "
"201404","서울특별시","성북구","교육용","135 ","11,512,544 ","1,046,148,819 ","90.9 "
"201404","서울특별시","성북구","농사용","13 ","8,987 ","415,343 ","46.2 "
"201404","서울특별시","성북구","산업용","2,394 ","8,191,464 ","836,531,614 ","102.1 "
"201404","서울특별시","성북구","심 야","1,904 ","1,988,394 ","113,540,428 ","57.1 "
"201404","서울특별시","성북구","일반용","21,025 ","41,035,435 ","4,745,340,082 ","115.6 "
"201404","서울특별시","성북구","주택용","124,928 ","49,948,918 ","6,436,243,242 ","128.9 "
"201404","서울특별시","성북구","합계","151,488 ","113,945,073 ","13,322,066,041 ","116.9 "
"201404","서울특별시","송파구","가로등","1,242 ","1,641,772 ","187,637,824 ","114.3 "
"201404","서울특별시","송파구","교육용","143 ","3,975,425 ","436,782,598 ","109.9 "
"201404","서울특별시","송파구","농사용","87 ","186,007 ","8,632,605 ","46.4 "
"201404","서울특별시","송파구","산업용","1,120 ","15,397,107 ","1,436,537,078 ","93.3 "
"201404","서울특별시","송파구","심 야","709 ","1,258,346 ","84,785,523 ","67.4 "
"201404","서울특별시","송파구","일반용","28,147 ","104,697,085 ","11,750,662,766 ","112.2 "
"201404","서울특별시","송파구","주택용","139,328 ","69,702,005 ","8,960,227,539 ","128.6 "
"201404","서울특별시","송파구","합계","170,776 ","196,857,747 ","22,865,265,933 ","116.2 "
"201404","서울특별시","양천구","가로등","8,107 ","1,362,373 ","149,155,004 ","109.5 "
"201404","서울특별시","양천구","교육용","113 ","2,592,406 ","292,836,387 ","113 "
"201404","서울특별시","양천구","농사용","14 ","5,448 ","278,294 ","51.1 "
"201404","서울특별시","양천구","산업용","1,049 ","3,900,422 ","488,219,848 ","125.2 "
"201404","서울특별시","양천구","심 야","362 ","438,130 ","35,549,140 ","81.1 "
"201404","서울특별시","양천구","일반용","16,553 ","59,958,108 ","6,403,819,146 ","106.8 "
"201404","서울특별시","양천구","주택용","96,738 ","51,120,675 ","6,349,223,863 ","124.2 "
"201404","서울특별시","양천구","합계","122,936 ","119,377,562 ","13,719,081,682 ","114.9 "
"201404","서울특별시","영등포구","가로등","10,414 ","1,768,842 ","202,172,758 ","114.3 "
"201404","서울특별시","영등포구","교육용","96 ","1,875,991 ","205,985,101 ","109.8 "
"201404","서울특별시","영등포구","농사용","4 ","4,001 ","173,641 ","43.4 "
"201404","서울특별시","영등포구","산업용","3,569 ","20,302,670 ","2,154,665,811 ","106.1 "
"201404","서울특별시","영등포구","심 야","562 ","2,385,140 ","182,306,199 ","76.4 "
"201404","서울특별시","영등포구","일반용","24,004 ","126,007,188 ","14,274,632,759 ","113.3 "
"201404","서울특별시","영등포구","주택용","92,821 ","44,567,096 ","5,323,780,821 ","119.5 "
"201404","서울특별시","영등포구","합계","131,470 ","196,910,928 ","22,343,717,090 ","113.5 "
"201404","서울특별시","용산구","가로등","10,499 ","1,267,174 ","140,235,249 ","110.7 "
"201404","서울특별시","용산구","교육용","74 ","3,940,189 ","384,228,075 ","97.5 "
"201404","서울특별시","용산구","농사용","1 ","168 ","10,167 ","60.5 "
"201404","서울특별시","용산구","산업용","1,063 ","7,852,002 ","777,914,055 ","99.1 "
"201404","서울특별시","용산구","심 야","475 ","614,771 ","37,945,252 ","61.7 "
"201404","서울특별시","용산구","일반용","15,742 ","56,261,499 ","6,453,398,162 ","114.7 "
"201404","서울특별시","용산구","주택용","76,344 ","31,508,624 ","4,468,382,652 ","141.8 "
"201404","서울특별시","용산구","합계","104,198 ","101,444,427 ","12,262,113,612 ","120.9 "
"201404","서울특별시","은평구","가로등","11,150 ","978,033 ","109,214,808 ","111.7 "
"201404","서울특별시","은평구","교육용","130 ","2,506,696 ","291,189,809 ","116.2 "
"201404","서울특별시","은평구","농사용","44 ","10,112 ","574,002 ","56.8 "
"201404","서울특별시","은평구","산업용","857 ","14,047,120 ","1,318,106,276 ","93.8 "
"201404","서울특별시","은평구","심 야","898 ","946,622 ","59,116,640 ","62.5 "
"201404","서울특별시","은평구","일반용","19,921 ","35,717,400 ","4,150,828,500 ","116.2 "
"201404","서울특별시","은평구","주택용","155,177 ","49,020,850 ","6,201,304,878 ","126.5 "
"201404","서울특별시","은평구","합계","188,177 ","103,226,833 ","12,130,334,913 ","117.5 "
"201404","서울특별시","종로구","가로등","718 ","940,125 ","110,847,300 ","117.9 "
"201404","서울특별시","종로구","교육용","134 ","7,033,217 ","645,997,434 ","91.8 "
"201404","서울특별시","종로구","농사용","8 ","1,575 ","96,626 ","61.3 "
"201404","서울특별시","종로구","산업용","2,732 ","6,351,295 ","642,943,524 ","101.2 "
"201404","서울특별시","종로구","심 야","1,681 ","3,353,728 ","238,486,945 ","71.1 "
"201404","서울특별시","종로구","일반용","24,768 ","89,687,316 ","10,377,766,100 ","115.7 "
"201404","서울특별시","종로구","주택용","60,234 ","20,788,789 ","2,740,006,901 ","131.8 "
"201404","서울특별시","종로구","합계","90,275 ","128,156,045 ","14,756,144,830 ","115.1 "
"201404","서울특별시","중구","가로등","6,509 ","1,594,141 ","173,533,089 ","108.9 "
"201404","서울특별시","중구","교육용","79 ","3,308,879 ","335,392,275 ","101.4 "
"201404","서울특별시","중구","산업용","5,861 ","20,197,673 ","2,191,194,002 ","108.5 "
"201404","서울특별시","중구","심 야","406 ","1,629,850 ","150,026,342 ","92 "
"201404","서울특별시","중구","일반용","24,552 ","146,875,587 ","16,619,907,272 ","113.2 "
"201404","서울특별시","중구","주택용","38,192 ","14,962,036 ","1,926,271,080 ","128.7 "
"201404","서울특별시","중구","합계","75,599 ","188,568,166 ","21,396,324,060 ","113.5 "
"201404","서울특별시","중랑구","가로등","9,788 ","936,622 ","104,437,123 ","111.5 "
"201404","서울특별시","중랑구","교육용","82 ","1,987,558 ","225,813,566 ","113.6 "
"201404","서울특별시","중랑구","농사용","52 ","18,293 ","908,660 ","49.7 "
"201404","서울특별시","중랑구","산업용","2,533 ","5,942,080 ","634,982,411 ","106.9 "
"201404","서울특별시","중랑구","심 야","656 ","645,494 ","39,336,173 ","60.9 "
"201404","서울특별시","중랑구","일반용","19,213 ","34,264,252 ","3,916,831,936 ","114.3 "
"201404","서울특별시","중랑구","주택용","125,136 ","40,869,564 ","4,921,555,368 ","120.4 "
"201404","서울특별시","중랑구","합계","157,460 ","84,663,863 ","9,843,865,237 ","116.3 "
"201405","서울특별시","강남구","가로등","12,012 ","1,897,076 ","220,259,833 ","116.1 "
"201405","서울특별시","강남구","교육용","126 ","2,260,571 ","305,151,415 ","135 "
"201405","서울특별시","강남구","농사용","201 ","72,942 ","4,480,722 ","61.4 "
"201405","서울특별시","강남구","산업용","1,045 ","14,911,491 ","1,580,375,351 ","106 "
"201405","서울특별시","강남구","심 야","1,041 ","3,590,350 ","289,685,725 ","80.7 "
"201405","서울특별시","강남구","일반용","48,025 ","237,099,055 ","27,575,344,417 ","116.3 "
"201405","서울특별시","강남구","주택용","135,457 ","64,832,247 ","8,804,757,220 ","135.8 "
"201405","서울특별시","강남구","합계","197,907 ","324,663,732 ","38,780,054,683 ","119.4 "
"201405","서울특별시","강동구","가로등","973 ","944,657 ","111,480,065 ","118 "
"201405","서울특별시","강동구","교육용","105 ","1,551,429 ","222,078,531 ","143.1 "
"201405","서울특별시","강동구","농사용","518 ","159,810 ","8,935,596 ","55.9 "
"201405","서울특별시","강동구","산업용","1,238 ","13,682,052 ","1,209,770,590 ","88.4 "
"201405","서울특별시","강동구","심 야","511 ","392,036 ","29,624,764 ","75.6 "
"201405","서울특별시","강동구","일반용","19,642 ","49,176,732 ","5,741,458,435 ","116.8 "
"201405","서울특별시","강동구","주택용","104,726 ","42,981,666 ","5,086,123,564 ","118.3 "
"201405","서울특별시","강동구","합계","127,713 ","108,888,382 ","12,409,471,545 ","114 "
"201405","서울특별시","강북구","가로등","2,160 ","492,173 ","59,523,076 ","120.9 "
"201405","서울특별시","강북구","교육용","76 ","1,470,668 ","176,069,256 ","119.7 "
"201405","서울특별시","강북구","농사용","10 ","5,951 ","291,372 ","49 "
"201405","서울특별시","강북구","산업용","1,472 ","3,537,920 ","370,352,265 ","104.7 "
"201405","서울특별시","강북구","심 야","805 ","591,795 ","36,013,398 ","60.9 "
"201405","서울특별시","강북구","일반용","15,645 ","28,660,722 ","3,355,740,256 ","117.1 "
"201405","서울특별시","강북구","주택용","109,004 ","30,574,162 ","3,523,171,943 ","115.2 "
"201405","서울특별시","강북구","합계","129,172 ","65,333,391 ","7,521,161,566 ","115.1 "
"201405","서울특별시","강서구","가로등","9,341 ","1,286,638 ","151,449,017 ","117.7 "
"201405","서울특별시","강서구","교육용","149 ","2,059,876 ","276,570,547 ","134.3 "
"201405","서울특별시","강서구","농사용","173 ","439,271 ","19,830,032 ","45.1 "
"201405","서울특별시","강서구","산업용","1,021 ","20,984,200 ","1,945,211,673 ","92.7 "
"201405","서울특별시","강서구","심 야","758 ","421,266 ","25,371,385 ","60.2 "
"201405","서울특별시","강서구","일반용","22,048 ","66,074,014 ","7,594,290,523 ","114.9 "
"201405","서울특별시","강서구","주택용","156,218 ","53,821,249 ","6,275,856,123 ","116.6 "
"201405","서울특별시","강서구","합계","189,708 ","145,086,514 ","16,288,579,300 ","112.3 "
"201405","서울특별시","관악구","가로등","11,453 ","737,381 ","84,512,074 ","114.6 "
"201405","서울특별시","관악구","교육용","107 ","11,719,456 ","1,046,441,298 ","89.3 "
"201405","서울특별시","관악구","농사용","10 ","6,549 ","314,846 ","48.1 "
"201405","서울특별시","관악구","산업용","1,213 ","3,944,445 ","427,198,236 ","108.3 "
"201405","서울특별시","관악구","심 야","1,377 ","842,967 ","46,858,538 ","55.6 "
"201405","서울특별시","관악구","일반용","24,633 ","53,844,016 ","6,066,002,227 ","112.7 "
"201405","서울특별시","관악구","주택용","196,174 ","48,296,416 ","5,269,800,159 ","109.1 "
"201405","서울특별시","관악구","합계","234,967 ","119,391,230 ","12,941,127,378 ","108.4 "
"201405","서울특별시","광진구","가로등","719 ","821,044 ","101,282,951 ","123.4 "
"201405","서울특별시","광진구","교육용","94 ","5,557,924 ","510,432,704 ","91.8 "
"201405","서울특별시","광진구","농사용","6 ","15,903 ","718,081 ","45.2 "
"201405","서울특별시","광진구","산업용","1,570 ","28,718,043 ","2,791,206,966 ","97.2 "
"201405","서울특별시","광진구","심 야","1,284 ","1,645,431 ","104,922,677 ","63.8 "
"201405","서울특별시","광진구","일반용","20,054 ","45,448,595 ","5,206,515,434 ","114.6 "
"201405","서울특별시","광진구","주택용","130,338 ","34,919,621 ","4,192,474,626 ","120.1 "
"201405","서울특별시","광진구","합계","154,065 ","117,126,561 ","12,907,553,439 ","110.2 "
"201405","서울특별시","구로구","가로등","9,745 ","994,941 ","116,282,984 ","116.9 "
"201405","서울특별시","구로구","교육용","107 ","1,828,536 ","240,595,720 ","131.6 "
"201405","서울특별시","구로구","농사용","76 ","20,549 ","1,108,732 ","54 "
"201405","서울특별시","구로구","산업용","1,848 ","29,236,660 ","2,952,345,440 ","101 "
"201405","서울특별시","구로구","심 야","502 ","1,207,590 ","76,967,033 ","63.7 "
"201405","서울특별시","구로구","일반용","17,264 ","61,510,666 ","7,198,814,672 ","117 "
"201405","서울특별시","구로구","주택용","93,062 ","43,206,262 ","4,928,318,258 ","114.1 "
"201405","서울특별시","구로구","합계","122,604 ","138,005,204 ","15,514,432,839 ","112.4 "
"201405","서울특별시","금천구","가로등","6,280 ","640,392 ","74,834,711 ","116.9 "
"201405","서울특별시","금천구","교육용","53 ","716,280 ","109,006,646 ","152.2 "
"201405","서울특별시","금천구","농사용","5 ","33,829 ","1,524,033 ","45.1 "
"201405","서울특별시","금천구","산업용","2,364 ","24,345,913 ","2,804,919,156 ","115.2 "
"201405","서울특별시","금천구","심 야","337 ","404,490 ","33,021,244 ","81.6 "
"201405","서울특별시","금천구","일반용","12,864 ","68,157,976 ","7,647,284,156 ","112.2 "
"201405","서울특별시","금천구","주택용","67,241 ","21,927,881 ","2,435,334,286 ","111.1 "
"201405","서울특별시","금천구","합계","89,144 ","116,226,761 ","13,105,924,232 ","112.8 "
"201405","서울특별시","노원구","가로등","6,766 ","1,226,949 ","143,452,004 ","116.9 "
"201405","서울특별시","노원구","교육용","189 ","6,831,263 ","735,286,446 ","107.6 "
"201405","서울특별시","노원구","농사용","28 ","8,838 ","499,130 ","56.5 "
"201405","서울특별시","노원구","산업용","911 ","5,277,512 ","614,014,241 ","116.3 "
"201405","서울특별시","노원구","심 야","381 ","814,649 ","51,318,557 ","63 "
"201405","서울특별시","노원구","일반용","14,534 ","42,794,004 ","4,928,978,117 ","115.2 "
"201405","서울특별시","노원구","주택용","82,183 ","52,653,946 ","5,663,911,188 ","107.6 "
"201405","서울특별시","노원구","합계","104,992 ","109,607,161 ","12,137,459,683 ","110.7 "
"201405","서울특별시","도봉구","가로등","6,510 ","598,878 ","71,569,091 ","119.5 "
"201405","서울특별시","도봉구","교육용","95 ","1,746,952 ","221,034,806 ","126.5 "
"201405","서울특별시","도봉구","농사용","55 ","13,494 ","750,846 ","55.6 "
"201405","서울특별시","도봉구","산업용","1,074 ","5,615,035 ","537,169,145 ","95.7 "
"201405","서울특별시","도봉구","심 야","469 ","390,019 ","22,828,067 ","58.5 "
"201405","서울특별시","도봉구","일반용","11,754 ","24,103,717 ","2,846,421,824 ","118.1 "
"201405","서울특별시","도봉구","주택용","73,698 ","33,074,022 ","3,805,338,045 ","115.1 "
"201405","서울특별시","도봉구","합계","93,655 ","65,542,117 ","7,505,111,824 ","114.5 "
"201405","서울특별시","동대문구","가로등","10,871 ","906,063 ","106,697,098 ","117.8 "
"201405","서울특별시","동대문구","교육용","94 ","5,645,109 ","538,059,147 ","95.3 "
"201405","서울특별시","동대문구","농사용","4 ","2,020 ","94,107 ","46.6 "
"201405","서울특별시","동대문구","산업용","2,870 ","11,882,457 ","1,285,196,222 ","108.2 "
"201405","서울특별시","동대문구","심 야","753 ","748,092 ","51,461,926 ","68.8 "
"201405","서울특별시","동대문구","일반용","23,989 ","45,669,780 ","5,458,369,779 ","119.5 "
"201405","서울특별시","동대문구","주택용","107,017 ","37,289,501 ","4,307,787,036 ","115.5 "
"201405","서울특별시","동대문구","합계","145,598 ","102,143,022 ","11,747,665,315 ","115 "
"201405","서울특별시","동작구","가로등","10,617 ","872,586 ","100,610,241 ","115.3 "
"201405","서울특별시","동작구","교육용","83 ","4,614,790 ","451,869,125 ","97.9 "
"201405","서울특별시","동작구","농사용","3 ","3,030 ","134,056 ","44.2 "
"201405","서울특별시","동작구","산업용","571 ","4,834,649 ","494,313,813 ","102.2 "
"201405","서울특별시","동작구","심 야","727 ","675,394 ","55,086,980 ","81.6 "
"201405","서울특별시","동작구","일반용","16,307 ","42,243,389 ","4,744,833,482 ","112.3 "
"201405","서울특별시","동작구","주택용","121,299 ","38,765,159 ","4,523,316,229 ","116.7 "
"201405","서울특별시","동작구","합계","149,607 ","92,008,997 ","10,370,163,926 ","112.7 "
"201405","서울특별시","마포구","가로등","10,347 ","1,269,457 ","147,948,702 ","116.5 "
"201405","서울특별시","마포구","교육용","95 ","3,877,841 ","384,726,317 ","99.2 "
"201405","서울특별시","마포구","농사용","11 ","12,643 ","583,620 ","46.2 "
"201405","서울특별시","마포구","산업용","1,365 ","12,267,257 ","1,400,845,259 ","114.2 "
"201405","서울특별시","마포구","심 야","581 ","1,415,617 ","95,685,320 ","67.6 "
"201405","서울특별시","마포구","일반용","26,267 ","81,092,883 ","9,213,245,781 ","113.6 "
"201405","서울특별시","마포구","주택용","110,403 ","40,978,053 ","4,801,954,765 ","117.2 "
"201405","서울특별시","마포구","합계","149,069 ","140,913,751 ","16,044,989,764 ","113.9 "
"201405","서울특별시","서대문구","가로등","694 ","715,926 ","84,770,686 ","118.4 "
"201405","서울특별시","서대문구","교육용","96 ","12,546,776 ","1,093,114,674 ","87.1 "
"201405","서울특별시","서대문구","농사용","4 ","3,093 ","158,290 ","51.2 "
"201405","서울특별시","서대문구","산업용","704 ","2,589,341 ","298,643,276 ","115.3 "
"201405","서울특별시","서대문구","심 야","880 ","730,042 ","46,892,866 ","64.2 "
"201405","서울특별시","서대문구","일반용","15,900 ","40,884,392 ","4,865,962,115 ","119 "
"201405","서울특별시","서대문구","주택용","98,441 ","30,844,168 ","3,630,245,698 ","117.7 "
"201405","서울특별시","서대문구","합계","116,719 ","88,313,738 ","10,019,787,605 ","113.5 "
"201405","서울특별시","서초구","가로등","9,771 ","1,929,157 ","223,427,980 ","115.8 "
"201405","서울특별시","서초구","교육용","93 ","2,796,674 ","332,043,656 ","118.7 "
"201405","서울특별시","서초구","농사용","568 ","208,052 ","10,943,545 ","52.6 "
"201405","서울특별시","서초구","산업용","857 ","44,487,075 ","4,282,198,743 ","96.3 "
"201405","서울특별시","서초구","심 야","794 ","1,117,307 ","95,574,789 ","85.5 "
"201405","서울특별시","서초구","일반용","29,481 ","148,713,097 ","16,941,486,455 ","113.9 "
"201405","서울특별시","서초구","주택용","81,206 ","50,173,563 ","7,105,411,034 ","141.6 "
"201405","서울특별시","서초구","합계","122,770 ","249,424,925 ","28,991,086,202 ","116.2 "
"201405","서울특별시","성동구","가로등","8,149 ","1,009,623 ","118,044,116 ","116.9 "
"201405","서울특별시","성동구","교육용","72 ","5,215,282 ","489,833,533 ","93.9 "
"201405","서울특별시","성동구","농사용","1 ","73 ","6,239 ","85.5 "
"201405","서울특별시","성동구","산업용","4,607 ","59,343,753 ","5,701,235,661 ","96.1 "
"201405","서울특별시","성동구","심 야","409 ","211,411 ","13,934,917 ","65.9 "
"201405","서울특별시","성동구","일반용","15,417 ","43,154,300 ","5,085,388,374 ","117.8 "
"201405","서울특별시","성동구","주택용","66,009 ","29,985,519 ","3,500,319,323 ","116.7 "
"201405","서울특별시","성동구","합계","94,664 ","138,919,961 ","14,908,762,163 ","107.3 "
"201405","서울특별시","성북구","가로등","1,092 ","1,168,489 ","138,052,289 ","118.1 "
"201405","서울특별시","성북구","교육용","136 ","10,448,174 ","975,274,807 ","93.3 "
"201405","서울특별시","성북구","농사용","13 ","7,258 ","347,520 ","47.9 "
"201405","서울특별시","성북구","산업용","2,400 ","7,732,423 ","819,658,335 ","106 "
"201405","서울특별시","성북구","심 야","1,896 ","1,462,057 ","92,421,122 ","63.2 "
"201405","서울특별시","성북구","일반용","21,055 ","38,219,898 ","4,534,964,591 ","118.7 "
"201405","서울특별시","성북구","주택용","125,012 ","46,577,408 ","5,695,188,377 ","122.3 "
"201405","서울특별시","성북구","합계","151,604 ","105,615,707 ","12,255,907,041 ","116 "
"201405","서울특별시","송파구","가로등","1,243 ","1,460,459 ","172,821,200 ","118.3 "
"201405","서울특별시","송파구","교육용","145 ","2,899,994 ","374,111,816 ","129 "
"201405","서울특별시","송파구","농사용","85 ","200,213 ","9,182,172 ","45.9 "
"201405","서울특별시","송파구","산업용","1,118 ","15,224,347 ","1,439,727,716 ","94.6 "
"201405","서울특별시","송파구","심 야","705 ","1,411,589 ","81,965,132 ","58.1 "
"201405","서울특별시","송파구","일반용","28,119 ","104,756,583 ","11,718,070,916 ","111.9 "
"201405","서울특별시","송파구","주택용","139,390 ","65,488,303 ","8,088,410,407 ","123.5 "
"201405","서울특별시","송파구","합계","170,805 ","191,441,488 ","21,884,289,359 ","114.3 "
"201405","서울특별시","양천구","가로등","8,108 ","1,212,972 ","137,189,250 ","113.1 "
"201405","서울특별시","양천구","교육용","112 ","1,813,677 ","246,185,487 ","135.7 "
"201405","서울특별시","양천구","농사용","12 ","3,263 ","186,931 ","57.3 "
"201405","서울특별시","양천구","산업용","1,058 ","3,460,545 ","471,477,351 ","136.2 "
"201405","서울특별시","양천구","심 야","359 ","660,038 ","44,959,735 ","68.1 "
"201405","서울특별시","양천구","일반용","16,503 ","56,666,608 ","6,122,214,625 ","108 "
"201405","서울특별시","양천구","주택용","96,905 ","48,465,652 ","5,815,463,391 ","120 "
"201405","서울특별시","양천구","합계","123,057 ","112,282,755 ","12,837,676,770 ","114.3 "
"201405","서울특별시","영등포구","가로등","10,347 ","1,645,541 ","193,189,076 ","117.4 "
"201405","서울특별시","영등포구","교육용","96 ","1,337,179 ","174,180,657 ","130.3 "
"201405","서울특별시","영등포구","농사용","4 ","3,593 ","157,722 ","43.9 "
"201405","서울특별시","영등포구","산업용","3,568 ","18,938,880 ","2,066,837,018 ","109.1 "
"201405","서울특별시","영등포구","심 야","559 ","4,422,114 ","338,862,133 ","76.6 "
"201405","서울특별시","영등포구","일반용","23,954 ","124,483,095 ","14,073,390,716 ","113.1 "
"201405","서울특별시","영등포구","주택용","92,913 ","42,008,360 ","4,875,633,148 ","116.1 "
"201405","서울특별시","영등포구","합계","131,441 ","192,838,762 ","21,722,250,470 ","112.6 "
"201405","서울특별시","용산구","가로등","10,490 ","1,160,039 ","132,955,088 ","114.6 "
"201405","서울특별시","용산구","교육용","74 ","3,543,095 ","358,163,771 ","101.1 "
"201405","서울특별시","용산구","농사용","1 ","131 ","8,952 ","68.3 "
"201405","서울특별시","용산구","산업용","1,070 ","7,373,438 ","779,790,909 ","105.8 "
"201405","서울특별시","용산구","심 야","474 ","516,344 ","41,151,779 ","79.7 "
"201405","서울특별시","용산구","일반용","15,759 ","54,362,556 ","6,297,246,512 ","115.8 "
"201405","서울특별시","용산구","주택용","76,401 ","29,727,040 ","4,072,257,070 ","137 "
"201405","서울특별시","용산구","합계","104,269 ","96,682,643 ","11,681,574,081 ","120.8 "
"201405","서울특별시","은평구","가로등","11,151 ","889,576 ","103,500,746 ","116.3 "
"201405","서울특별시","은평구","교육용","131 ","1,790,835 ","249,797,901 ","139.5 "
"201405","서울특별시","은평구","농사용","45 ","8,942 ","556,361 ","62.2 "
"201405","서울특별시","은평구","산업용","855 ","13,272,107 ","1,266,830,774 ","95.5 "
"201405","서울특별시","은평구","심 야","894 ","718,348 ","46,206,830 ","64.3 "
"201405","서울특별시","은평구","일반용","19,929 ","33,310,310 ","3,983,376,150 ","119.6 "
"201405","서울특별시","은평구","주택용","155,176 ","46,067,162 ","5,563,165,437 ","120.8 "
"201405","서울특별시","은평구","합계","188,181 ","96,057,280 ","11,213,434,199 ","116.7 "
"201405","서울특별시","종로구","가로등","722 ","872,822 ","105,939,978 ","121.4 "
"201405","서울특별시","종로구","교육용","135 ","6,325,705 ","599,042,681 ","94.7 "
"201405","서울특별시","종로구","농사용","8 ","1,521 ","92,315 ","60.7 "
"201405","서울특별시","종로구","산업용","2,740 ","5,574,156 ","594,126,346 ","106.6 "
"201405","서울특별시","종로구","심 야","1,671 ","3,505,105 ","267,233,308 ","76.2 "
"201405","서울특별시","종로구","일반용","24,775 ","86,672,086 ","10,111,062,853 ","116.7 "
"201405","서울특별시","종로구","주택용","60,270 ","19,726,444 ","2,551,508,702 ","129.3 "
"201405","서울특별시","종로구","합계","90,321 ","122,677,839 ","14,229,006,183 ","116 "
"201405","서울특별시","중구","가로등","6,519 ","1,500,089 ","166,301,505 ","110.9 "
"201405","서울특별시","중구","교육용","79 ","3,039,072 ","321,228,231 ","105.7 "
"201405","서울특별시","중구","산업용","5,874 ","17,642,469 ","2,025,327,285 ","114.8 "
"201405","서울특별시","중구","심 야","405 ","3,924,210 ","330,712,678 ","84.3 "
"201405","서울특별시","중구","일반용","24,552 ","147,324,800 ","16,580,710,223 ","112.5 "
"201405","서울특별시","중구","주택용","38,284 ","14,144,692 ","1,764,196,696 ","124.7 "
"201405","서울특별시","중구","합계","75,713 ","187,575,332 ","21,188,476,618 ","113 "
"201405","서울특별시","중랑구","가로등","9,791 ","868,867 ","99,973,126 ","115.1 "
"201405","서울특별시","중랑구","교육용","82 ","1,461,168 ","194,382,894 ","133 "
"201405","서울특별시","중랑구","농사용","53 ","19,571 ","1,119,894 ","57.2 "
"201405","서울특별시","중랑구","산업용","2,547 ","5,140,415 ","589,036,792 ","114.6 "
"201405","서울특별시","중랑구","심 야","648 ","446,624 ","28,180,704 ","63.1 "
"201405","서울특별시","중랑구","일반용","19,164 ","31,956,443 ","3,749,407,856 ","117.3 "
"201405","서울특별시","중랑구","주택용","125,221 ","38,367,218 ","4,419,127,001 ","115.2 "
"201405","서울특별시","중랑구","합계","157,506 ","78,260,306 ","9,081,228,267 ","116 "
"201406","서울특별시","강남구","가로등","12,017 ","1,806,130 ","215,795,171 ","119.5 "
"201406","서울특별시","강남구","교육용","127 ","2,735,843 ","380,476,936 ","139.1 "
"201406","서울특별시","강남구","농사용","199 ","62,231 ","4,084,871 ","65.6 "
"201406","서울특별시","강남구","산업용","1,050 ","15,588,555 ","1,863,973,717 ","119.6 "
"201406","서울특별시","강남구","심 야","1,038 ","5,891,313 ","439,741,511 ","74.6 "
"201406","서울특별시","강남구","일반용","48,028 ","275,562,593 ","36,425,944,124 ","132.2 "
"201406","서울특별시","강남구","주택용","135,511 ","69,571,402 ","10,462,344,036 ","150.4 "
"201406","서울특별시","강남구","합계","197,970 ","371,218,067 ","49,792,360,366 ","134.1 "
"201406","서울특별시","강동구","가로등","972 ","869,132 ","105,231,755 ","121.1 "
"201406","서울특별시","강동구","교육용","105 ","1,754,425 ","260,920,152 ","148.7 "
"201406","서울특별시","강동구","농사용","518 ","164,872 ","9,076,774 ","55.1 "
"201406","서울특별시","강동구","산업용","1,234 ","14,014,881 ","1,497,370,933 ","106.8 "
"201406","서울특별시","강동구","심 야","508 ","634,883 ","49,610,760 ","78.1 "
"201406","서울특별시","강동구","일반용","19,613 ","57,215,350 ","7,476,691,795 ","130.7 "
"201406","서울특별시","강동구","주택용","104,896 ","45,224,520 ","5,623,888,793 ","124.4 "
"201406","서울특별시","강동구","합계","127,846 ","119,878,063 ","15,022,790,962 ","125.3 "
"201406","서울특별시","강북구","가로등","2,160 ","469,185 ","59,218,300 ","126.2 "
"201406","서울특별시","강북구","교육용","76 ","1,632,470 ","212,410,868 ","130.1 "
"201406","서울특별시","강북구","농사용","10 ","8,161 ","377,670 ","46.3 "
"201406","서울특별시","강북구","산업용","1,479 ","3,786,574 ","423,992,795 ","112 "
"201406","서울특별시","강북구","심 야","802 ","423,999 ","26,370,588 ","62.2 "
"201406","서울특별시","강북구","일반용","15,645 ","32,590,155 ","4,172,674,571 ","128 "
"201406","서울특별시","강북구","주택용","109,096 ","31,759,020 ","3,784,948,946 ","119.2 "
"201406","서울특별시","강북구","합계","129,268 ","70,669,564 ","8,679,993,738 ","122.8 "
"201406","서울특별시","강서구","가로등","9,341 ","1,247,413 ","150,157,188 ","120.4 "
"201406","서울특별시","강서구","교육용","149 ","2,325,651 ","327,115,680 ","140.7 "
"201406","서울특별시","강서구","농사용","176 ","487,598 ","22,676,350 ","46.5 "
"201406","서울특별시","강서구","산업용","1,028 ","20,234,371 ","2,358,309,827 ","116.5 "
"201406","서울특별시","강서구","심 야","755 ","371,788 ","24,401,008 ","65.6 "
"201406","서울특별시","강서구","일반용","22,125 ","74,942,552 ","9,637,802,066 ","128.6 "
"201406","서울특별시","강서구","주택용","156,377 ","56,967,104 ","6,943,297,354 ","121.9 "
"201406","서울특별시","강서구","합계","189,951 ","156,576,477 ","19,463,759,473 ","124.3 "
"201406","서울특별시","관악구","가로등","11,476 ","705,862 ","84,047,269 ","119.1 "
"201406","서울특별시","관악구","교육용","107 ","12,846,892 ","1,199,193,782 ","93.3 "
"201406","서울특별시","관악구","농사용","11 ","4,725 ","231,882 ","49.1 "
"201406","서울특별시","관악구","산업용","1,202 ","3,993,825 ","486,855,917 ","121.9 "
"201406","서울특별시","관악구","심 야","1,370 ","671,327 ","40,677,614 ","60.6 "
"201406","서울특별시","관악구","일반용","24,663 ","61,123,484 ","7,593,162,139 ","124.2 "
"201406","서울특별시","관악구","주택용","196,438 ","50,856,766 ","5,763,259,762 ","113.3 "
"201406","서울특별시","관악구","합계","235,267 ","130,202,881 ","15,167,428,365 ","116.5 "
"201406","서울특별시","광진구","가로등","722 ","756,332 ","97,892,105 ","129.4 "
"201406","서울특별시","광진구","교육용","94 ","6,501,342 ","731,238,305 ","112.5 "
"201406","서울특별시","광진구","농사용","6 ","13,990 ","644,003 ","46 "
"201406","서울특별시","광진구","산업용","1,567 ","31,430,179 ","3,473,436,421 ","110.5 "
"201406","서울특별시","광진구","심 야","1,278 ","2,644,210 ","166,054,238 ","62.8 "
"201406","서울특별시","광진구","일반용","20,083 ","52,803,808 ","6,803,345,637 ","128.8 "
"201406","서울특별시","광진구","주택용","130,489 ","37,024,152 ","4,729,414,784 ","127.7 "
"201406","서울특별시","광진구","합계","154,239 ","131,174,013 ","16,002,025,493 ","122 "
"201406","서울특별시","구로구","가로등","9,748 ","939,983 ","113,841,162 ","121.1 "
"201406","서울특별시","구로구","교육용","107 ","2,071,510 ","300,819,420 ","145.2 "
"201406","서울특별시","구로구","농사용","76 ","20,580 ","1,111,922 ","54 "
"201406","서울특별시","구로구","산업용","1,854 ","31,473,033 ","3,669,636,844 ","116.6 "
"201406","서울특별시","구로구","심 야","502 ","2,105,731 ","129,712,198 ","61.6 "
"201406","서울특별시","구로구","일반용","17,305 ","65,490,716 ","8,995,588,328 ","137.4 "
"201406","서울특별시","구로구","주택용","93,189 ","45,198,462 ","5,410,809,753 ","119.7 "
"201406","서울특별시","구로구","합계","122,781 ","147,300,015 ","18,621,519,627 ","126.4 "
"201406","서울특별시","금천구","가로등","6,272 ","593,397 ","72,006,278 ","121.3 "
"201406","서울특별시","금천구","교육용","52 ","779,068 ","124,825,929 ","160.2 "
"201406","서울특별시","금천구","농사용","5 ","29,038 ","1,387,066 ","47.8 "
"201406","서울특별시","금천구","산업용","2,371 ","26,515,261 ","3,455,648,551 ","130.3 "
"201406","서울특별시","금천구","심 야","334 ","822,530 ","58,804,940 ","71.5 "
"201406","서울특별시","금천구","일반용","12,849 ","76,146,773 ","10,153,638,596 ","133.3 "
"201406","서울특별시","금천구","주택용","67,489 ","22,698,687 ","2,599,503,606 ","114.5 "
"201406","서울특별시","금천구","합계","89,372 ","127,584,754 ","16,465,814,966 ","129.1 "
"201406","서울특별시","노원구","가로등","6,775 ","1,186,172 ","142,087,523 ","119.8 "
"201406","서울특별시","노원구","교육용","191 ","7,746,777 ","931,123,658 ","120.2 "
"201406","서울특별시","노원구","농사용","29 ","8,754 ","474,301 ","54.2 "
"201406","서울특별시","노원구","산업용","913 ","6,170,371 ","770,843,529 ","124.9 "
"201406","서울특별시","노원구","심 야","380 ","819,565 ","58,447,584 ","71.3 "
"201406","서울특별시","노원구","일반용","14,576 ","49,528,631 ","6,316,755,759 ","127.5 "
"201406","서울특별시","노원구","주택용","82,295 ","55,123,358 ","6,145,929,510 ","111.5 "
"201406","서울특별시","노원구","합계","105,159 ","120,583,628 ","14,365,661,864 ","119.1 "
"201406","서울특별시","도봉구","가로등","6,517 ","555,817 ","69,485,004 ","125 "
"201406","서울특별시","도봉구","교육용","99 ","1,917,551 ","252,488,577 ","131.7 "
"201406","서울특별시","도봉구","농사용","57 ","15,000 ","819,898 ","54.7 "
"201406","서울특별시","도봉구","산업용","1,072 ","5,999,896 ","625,382,947 ","104.2 "
"201406","서울특별시","도봉구","심 야","467 ","343,337 ","23,409,597 ","68.2 "
"201406","서울특별시","도봉구","일반용","11,780 ","27,431,860 ","3,533,314,028 ","128.8 "
"201406","서울특별시","도봉구","주택용","73,875 ","34,360,668 ","4,094,434,741 ","119.2 "
"201406","서울특별시","도봉구","합계","93,867 ","70,624,129 ","8,599,334,792 ","121.8 "
"201406","서울특별시","동대문구","가로등","10,903 ","826,751 ","102,368,744 ","123.8 "
"201406","서울특별시","동대문구","교육용","91 ","6,329,271 ","710,745,428 ","112.3 "
"201406","서울특별시","동대문구","농사용","4 ","2,816 ","125,346 ","44.5 "
"201406","서울특별시","동대문구","산업용","2,869 ","12,886,722 ","1,537,424,147 ","119.3 "
"201406","서울특별시","동대문구","심 야","750 ","942,358 ","69,274,261 ","73.5 "
"201406","서울특별시","동대문구","일반용","23,999 ","52,590,171 ","6,892,393,866 ","131.1 "
"201406","서울특별시","동대문구","주택용","107,159 ","39,303,406 ","4,771,930,028 ","121.4 "
"201406","서울특별시","동대문구","합계","145,775 ","112,881,495 ","14,084,261,820 ","124.8 "
"201406","서울특별시","동작구","가로등","10,617 ","813,691 ","97,991,724 ","120.4 "
"201406","서울특별시","동작구","교육용","83 ","5,469,971 ","616,434,282 ","112.7 "
"201406","서울특별시","동작구","농사용","3 ","3,184 ","146,693 ","46.1 "
"201406","서울특별시","동작구","산업용","574 ","5,338,812 ","624,687,583 ","117 "
"201406","서울특별시","동작구","심 야","725 ","984,738 ","80,213,124 ","81.5 "
"201406","서울특별시","동작구","일반용","16,309 ","48,816,792 ","6,155,173,122 ","126.1 "
"201406","서울특별시","동작구","주택용","121,396 ","40,811,477 ","5,011,346,437 ","122.8 "
"201406","서울특별시","동작구","합계","149,707 ","102,238,665 ","12,585,992,965 ","123.1 "
"201406","서울특별시","마포구","가로등","10,350 ","1,203,897 ","144,964,449 ","120.4 "
"201406","서울특별시","마포구","교육용","96 ","4,375,583 ","524,398,195 ","119.8 "
"201406","서울특별시","마포구","농사용","11 ","14,038 ","654,150 ","46.6 "
"201406","서울특별시","마포구","산업용","1,363 ","13,057,546 ","1,731,640,414 ","132.6 "
"201406","서울특별시","마포구","심 야","578 ","1,877,153 ","119,240,310 ","63.5 "
"201406","서울특별시","마포구","일반용","26,342 ","90,126,548 ","11,747,351,667 ","130.3 "
"201406","서울특별시","마포구","주택용","110,467 ","44,065,700 ","5,589,243,498 ","126.8 "
"201406","서울특별시","마포구","합계","149,207 ","154,720,465 ","19,857,492,683 ","128.3 "
"201406","서울특별시","서대문구","가로등","700 ","678,184 ","83,274,548 ","122.8 "
"201406","서울특별시","서대문구","교육용","96 ","14,413,773 ","1,579,781,276 ","109.6 "
"201406","서울특별시","서대문구","농사용","4 ","2,009 ","115,779 ","57.6 "
"201406","서울특별시","서대문구","산업용","701 ","2,743,613 ","341,045,354 ","124.3 "
"201406","서울특별시","서대문구","심 야","875 ","770,164 ","53,410,754 ","69.3 "
"201406","서울특별시","서대문구","일반용","15,926 ","46,774,365 ","5,994,652,529 ","128.2 "
"201406","서울특별시","서대문구","주택용","98,687 ","32,317,919 ","3,986,139,451 ","123.3 "
"201406","서울특별시","서대문구","합계","116,989 ","97,700,027 ","12,038,419,691 ","123.2 "
"201406","서울특별시","서초구","가로등","9,774 ","1,896,529 ","224,435,991 ","118.3 "
"201406","서울특별시","서초구","교육용","94 ","3,249,433 ","405,470,775 ","124.8 "
"201406","서울특별시","서초구","농사용","571 ","203,688 ","12,232,690 ","60.1 "
"201406","서울특별시","서초구","산업용","863 ","48,686,590 ","5,353,953,290 ","110 "
"201406","서울특별시","서초구","심 야","791 ","2,113,737 ","168,508,909 ","79.7 "
"201406","서울특별시","서초구","일반용","29,540 ","171,526,008 ","21,992,125,678 ","128.2 "
"201406","서울특별시","서초구","주택용","81,306 ","52,865,496 ","8,259,407,090 ","156.2 "
"201406","서울특별시","서초구","합계","122,939 ","280,541,481 ","36,416,134,423 ","129.8 "
"201406","서울특별시","성동구","가로등","8,147 ","968,227 ","116,017,927 ","119.8 "
"201406","서울특별시","성동구","교육용","72 ","4,666,471 ","576,588,854 ","123.6 "
"201406","서울특별시","성동구","농사용","1 ","30 ","4,564 ","152.1 "
"201406","서울특별시","성동구","산업용","4,606 ","61,805,222 ","6,917,557,655 ","111.9 "
"201406","서울특별시","성동구","심 야","406 ","237,939 ","18,536,633 ","77.9 "
"201406","서울특별시","성동구","일반용","15,426 ","49,265,004 ","6,507,508,793 ","132.1 "
"201406","서울특별시","성동구","주택용","66,027 ","31,778,656 ","3,907,745,351 ","123 "
"201406","서울특별시","성동구","합계","94,685 ","148,721,549 ","18,043,959,777 ","121.3 "
"201406","서울특별시","성북구","가로등","1,093 ","1,111,465 ","136,575,921 ","122.9 "
"201406","서울특별시","성북구","교육용","140 ","12,513,923 ","1,371,436,877 ","109.6 "
"201406","서울특별시","성북구","농사용","13 ","7,340 ","347,599 ","47.4 "
"201406","서울특별시","성북구","산업용","2,408 ","8,360,975 ","990,211,744 ","118.4 "
"201406","서울특별시","성북구","심 야","1,888 ","1,374,009 ","97,569,357 ","71 "
"201406","서울특별시","성북구","일반용","21,074 ","43,776,008 ","5,690,040,936 ","130 "
"201406","서울특별시","성북구","주택용","124,908 ","48,548,825 ","6,225,288,775 ","128.2 "
"201406","서울특별시","성북구","합계","151,524 ","115,692,545 ","14,511,471,209 ","125.4 "
"201406","서울특별시","송파구","가로등","1,246 ","1,372,481 ","166,555,901 ","121.4 "
"201406","서울특별시","송파구","교육용","146 ","3,244,622 ","435,928,044 ","134.4 "
"201406","서울특별시","송파구","농사용","86 ","211,279 ","9,923,604 ","47 "
"201406","서울특별시","송파구","산업용","1,121 ","15,755,070 ","1,810,809,641 ","114.9 "
"201406","서울특별시","송파구","심 야","701 ","2,172,496 ","170,564,511 ","78.5 "
"201406","서울특별시","송파구","일반용","28,087 ","112,034,609 ","14,424,172,879 ","128.7 "
"201406","서울특별시","송파구","주택용","139,637 ","68,638,178 ","9,038,408,849 ","131.7 "
"201406","서울특별시","송파구","합계","171,024 ","203,428,735 ","26,056,363,429 ","128.1 "
"201406","서울특별시","양천구","가로등","8,103 ","1,151,323 ","135,682,512 ","117.8 "
"201406","서울특별시","양천구","교육용","112 ","1,858,707 ","264,942,805 ","142.5 "
"201406","서울특별시","양천구","농사용","13 ","3,392 ","195,645 ","57.7 "
"201406","서울특별시","양천구","산업용","1,053 ","3,710,236 ","558,479,335 ","150.5 "
"201406","서울특별시","양천구","심 야","359 ","1,208,104 ","111,739,438 ","92.5 "
"201406","서울특별시","양천구","일반용","16,480 ","61,294,334 ","7,336,130,369 ","119.7 "
"201406","서울특별시","양천구","주택용","97,128 ","50,314,361 ","6,338,644,906 ","126 "
"201406","서울특별시","양천구","합계","123,248 ","119,540,457 ","14,745,815,010 ","123.4 "
"201406","서울특별시","영등포구","가로등","10,315 ","1,549,135 ","187,747,646 ","121.2 "
"201406","서울특별시","영등포구","교육용","96 ","1,443,504 ","200,291,514 ","138.8 "
"201406","서울특별시","영등포구","농사용","4 ","4,153 ","179,765 ","43.3 "
"201406","서울특별시","영등포구","산업용","3,576 ","19,202,578 ","2,438,015,862 ","127 "
"201406","서울특별시","영등포구","심 야","557 ","6,821,326 ","530,681,075 ","77.8 "
"201406","서울특별시","영등포구","일반용","23,905 ","139,789,811 ","18,596,838,394 ","133 "
"201406","서울특별시","영등포구","주택용","93,154 ","45,044,314 ","5,617,814,130 ","124.7 "
"201406","서울특별시","영등포구","합계","131,607 ","213,854,821 ","27,571,568,386 ","128.9 "
"201406","서울특별시","용산구","가로등","10,493 ","1,105,251 ","130,436,520 ","118 "
"201406","서울특별시","용산구","교육용","74 ","4,176,644 ","472,492,381 ","113.1 "
"201406","서울특별시","용산구","농사용","1 ","120 ","8,597 ","71.6 "
"201406","서울특별시","용산구","산업용","1,067 ","7,957,598 ","914,612,416 ","114.9 "
"201406","서울특별시","용산구","심 야","472 ","905,010 ","63,489,186 ","70.2 "
"201406","서울특별시","용산구","일반용","15,791 ","64,356,266 ","8,174,326,741 ","127 "
"201406","서울특별시","용산구","주택용","76,417 ","32,023,889 ","4,898,013,732 ","152.9 "
"201406","서울특별시","용산구","합계","104,315 ","110,524,778 ","14,653,379,573 ","132.6 "
"201406","서울특별시","은평구","가로등","11,148 ","851,869 ","103,190,071 ","121.1 "
"201406","서울특별시","은평구","교육용","131 ","2,059,722 ","294,098,972 ","142.8 "
"201406","서울특별시","은평구","농사용","44 ","5,647 ","409,308 ","72.5 "
"201406","서울특별시","은평구","산업용","856 ","14,034,438 ","1,527,021,607 ","108.8 "
"201406","서울특별시","은평구","심 야","893 ","623,208 ","45,580,138 ","73.1 "
"201406","서울특별시","은평구","일반용","19,926 ","37,747,808 ","4,947,688,934 ","131.1 "
"201406","서울특별시","은평구","주택용","155,418 ","47,638,823 ","5,966,550,832 ","125.2 "
"201406","서울특별시","은평구","합계","188,416 ","102,961,515 ","12,884,539,862 ","125.1 "
"201406","서울특별시","종로구","가로등","723 ","812,445 ","102,296,270 ","125.9 "
"201406","서울특별시","종로구","교육용","135 ","7,660,249 ","814,342,565 ","106.3 "
"201406","서울특별시","종로구","농사용","8 ","1,987 ","110,561 ","55.6 "
"201406","서울특별시","종로구","산업용","2,733 ","6,011,040 ","684,990,335 ","114 "
"201406","서울특별시","종로구","심 야","1,669 ","4,469,528 ","332,699,988 ","74.4 "
"201406","서울특별시","종로구","일반용","24,770 ","100,590,263 ","13,540,950,216 ","134.6 "
"201406","서울특별시","종로구","주택용","60,319 ","21,176,000 ","2,948,643,334 ","139.2 "
"201406","서울특별시","종로구","합계","90,357 ","140,721,512 ","18,424,033,269 ","130.9 "
"201406","서울특별시","중구","가로등","6,523 ","1,483,511 ","165,886,680 ","111.8 "
"201406","서울특별시","중구","교육용","79 ","3,591,472 ","439,402,425 ","122.3 "
"201406","서울특별시","중구","산업용","5,875 ","19,716,362 ","2,425,252,238 ","123 "
"201406","서울특별시","중구","심 야","404 ","7,332,789 ","550,549,218 ","75.1 "
"201406","서울특별시","중구","일반용","24,560 ","167,393,512 ","22,229,098,328 ","132.8 "
"201406","서울특별시","중구","주택용","38,334 ","15,064,342 ","2,046,908,260 ","135.9 "
"201406","서울특별시","중구","합계","75,775 ","214,581,988 ","27,857,097,149 ","129.8 "
"201406","서울특별시","중랑구","가로등","9,798 ","817,289 ","97,911,007 ","119.8 "
"201406","서울특별시","중랑구","교육용","81 ","1,577,737 ","221,992,465 ","140.7 "
"201406","서울특별시","중랑구","농사용","53 ","22,827 ","1,104,848 ","48.4 "
"201406","서울특별시","중랑구","산업용","2,548 ","5,409,174 ","682,319,203 ","126.1 "
"201406","서울특별시","중랑구","심 야","647 ","513,116 ","32,279,677 ","62.9 "
"201406","서울특별시","중랑구","일반용","19,155 ","36,772,620 ","4,733,447,032 ","128.7 "
"201406","서울특별시","중랑구","주택용","125,324 ","40,183,434 ","4,840,039,785 ","120.4 "
"201406","서울특별시","중랑구","합계","157,606 ","85,296,197 ","10,609,094,017 ","124.4 "
